Mutation type,Trinucleotide,SBS1,SBS2,SBS3,SBS4,SBS5,SBS6,SBS7a,SBS7b,SBS7c,SBS7d,SBS8,SBS9,SBS10a,SBS10b,SBS12,SBS13,SBS14,SBS15,SBS16,SBS17a,SBS17b,SBS18,SBS19,SBS20,SBS21,SBS22a,SBS22b,SBS24,SBS26,SBS28,SBS29,SBS30,SBS31,SBS35,SBS37,SBS38,SBS39,SBS40,SBS40a,SBS40b,SBS40c,SBS41,SBS44
C>A,ACA,0.000886157,5.8e-07,0.020808323,0.042196498,0.0119976,0.000425233,6.7e-05,0.002329386,0.004830406,4.04e-05,0.044098218,0.000557954,0.00219017,0.000181997,0.004520592,0.00181992,0.001120492,0.000944202,0.015995037,0.002070261,0.000607958,0.051533859,0.001269382,0.000619283,0.000156993,0.006046172,0.006086541,0.0364134,0.000873118,0.000783905,0.063209264,0.001799681,0.009534985,0.008826949,0.003950822,0.012794869,0.011701521,0.0282037510988962,0.036395305,0.014007124,0.00375776,0.002110193,7.68e-18
C>A,ACC,0.002280405,0.000148004,0.016506603,0.033297236,0.009438112,0.000524287,0.000179116,0.000460879,0.001150097,0.000764883,0.047798069,0.004089661,0.001770137,0.006539908,0.001130148,0.000720968,0.013105754,0.000497106,0.0028991,0.000918116,0.000128991,0.015810387,0.000640688,0.001390636,0.002359889,9.45e-05,0.003802506,0.026509756,0.000528071,0.002529694,0.051207505,0.00050591,0.018490274,0.046184032,0.001450302,0.010095952,0.00715093,0.0134017824370641,0.016772493,0.004719804,0.006283197,0.001220112,0.000150038
C>A,ACG,0.000177031,5.23e-05,0.0017507,0.015598705,0.00184963,5.2e-05,7.12e-05,0.000185951,0.000377032,0.000249962,0.004619813,0.000425965,0.000150012,5.35e-05,0.000540071,0.000263988,0.000413181,4.61e-05,0.001019684,4.76e-05,5.82e-05,0.002431598,0.00024588,2.18e-05,0.000293986,0.000790362,0.000980017,0.014805448,0.000114015,0.000352957,0.019202815,9.13e-05,0.001659127,0.00138952,0.001060221,0.001899238,0.002670347,0.00292038841165875,0.003747968,0.001139655,0.002019124,6.14e-05,9.16e-07
C>A,ACT,0.001280227,9.78e-05,0.012204882,0.029497552,0.006608678,0.000180099,0.000248161,0.000709813,0.001960165,0.004049378,0.046998101,0.003049747,0.017001321,1.63e-05,0.00122016,0.000347985,0.082636281,0.001110238,0.010596712,6.18e-05,0.000455969,0.02141407,0.000570722,0.001240568,0.000620971,0.001729623,0.003566008,0.022008099,0.000619084,0.00396952,0.035605218,0.000555901,0.006276698,0.021592534,0.001850385,0.008846453,0.007400962,0.014801968661832,0.015434802,0.004952959,0.008175782,0.001330122,0.005781465
C>A,CCA,0.000312055,0.000208006,0.022509004,0.080693302,0.007428514,0.001820998,0.000455295,0.0011397,0.000109009,0.014497773,0.04009838,0.004799602,0.003180247,0.000520993,0.00542071,0.001399938,0.01630716,0.041808957,0.010396774,0.000295037,0.000270981,0.074048652,0.001319358,0.037617223,2.22e-16,0.001820363,0.006016474,0.025409351,0.001410191,0.002029754,0.054207945,0.000767864,0.010694375,0.029889666,0.00322067,0.380847281,0.010101313,0.0208027667679801,0.013755978,0.008571992,0.00848995,0.002380218,2.84e-05
C>A,CCC,0.001790318,9.53e-05,0.025310124,0.079693385,0.006138772,0.004092243,0.000240156,0.001549592,0.00309026,0.003219506,0.038798433,0.001919841,0.000202016,0.003179955,0.004280561,0.000967957,0.019708653,0.005051082,0.009027199,0.001160146,4.11e-05,0.019612886,0.000766627,0.098945302,0.002599878,0.004377129,0.005001894,0.034912848,0.001510204,0.000108987,0.036905409,0.000387931,0.011593902,0.032988595,0.000814169,0.069472142,0.009061178,0.0147019553600629,0.010841621,0.005780055,0.011698751,0.000919084,0.030307679
C>A,CCG,9.32e-05,2.23e-16,0.002511004,0.024497967,0.003459308,0.001650905,2.23e-16,0.000407893,0.001910161,8.51e-05,0.003409862,0.001369886,4.64e-05,8.38e-05,0.001170153,4.33e-06,0.001380606,6.62e-05,0.00173946,2.22e-16,2.23e-16,0.012007889,0.000235885,0.007433404,0.001979907,0.000136528,0.001047049,0.01600589,0.000362049,2.22e-16,0.01480217,0.000406928,0.000328827,0.00219924,0.000747155,0.050979557,0.005740746,0.00254033786493604,0.00161922,0.000953199,0.003149811,0.000261024,0.003740947
C>A,CCT,2.23e-16,0.000421012,0.015406162,0.068994273,0.006488702,0.009605265,0.000372242,0.001489607,0.013501135,0.000116982,0.032998667,0.003059746,0.017301344,0.008329883,0.001100144,2.22e-16,0.260114201,0.02870615,0.002489228,0.000137017,0.000181988,0.036323866,3.44e-05,0.252115431,0.019099102,0.000109424,0.004511263,0.017106295,0.007140965,0.000202975,0.051907608,0.000296947,0.027885332,0.082471487,0.001770368,0.183926246,0.006030784,0.0147019553600629,0.006711081,0.009857727,0.017735313,0.002650243,0.086721973
C>A,GCA,0.00158028,8.62e-05,0.007132853,0.031597377,0.01019796,0.000427234,4.06e-05,0.000745803,0.001050088,0.000167974,0.024199022,0.007719359,0.001210094,0.00073099,0.001980259,0.000948958,0.002080914,0.00229049,0.008607329,0.001780225,0.000997932,0.109071663,0.000813604,0.010804948,0.0021399,0.002234894,0.002739798,0.062222898,0.000496067,0.000155981,0.097114234,0.000942833,0.013093113,0.009866589,0.002040424,0.01199519,0.006880895,0.0142018888512172,0.010147654,0.003710927,0.003859722,0.003090283,7.68e-18
C>A,GCC,0.00033906,2.23e-16,0.010904362,0.034797112,0.00764847,0.000913501,0.00013809,0.000214943,0.000742062,2.22e-16,0.026198942,0.006679446,0.000441034,0.002549964,0.000417055,0.00045098,0.022409839,0.002490533,0.004248682,0.001280162,2.78e-06,0.017311374,0.000271868,0.005652588,0.007069668,0.001709967,0.002447902,0.128047121,0.00066609,0.001019877,0.090313237,0.000493912,0.021488697,0.05018265,0.000629131,0.006277483,0.006950904,0.0102013567804518,0.010996885,0.00410655,0.006132892,0.000723066,0.004671183
C>A,GCG,0.000587104,1.39e-05,0.001430572,0.01529873,0.002339532,0.000357196,4.25e-05,7.29e-05,2.22e-16,1.82e-05,0.002739889,0.000170986,1.05e-05,8.52e-05,0.000447059,0.000163993,0.001110487,0.000404087,0.001359578,0.000106013,9.24e-05,0.00756497,0.0002049,0.001570719,0.001689921,0.000520223,0.000521184,0.06592426,0.000129017,3.95e-05,0.023003372,2.22e-16,0.000971489,0.000506825,0.000506105,0.001369451,0.004530589,0.00255033919511295,0.003537669,0.000783435,0.001261585,0.00022002,0.000605153
C>A,GCT,2.23e-16,5.12e-05,0.010004002,0.021198241,0.006818636,0.001230674,2.23e-16,0.000146961,0.000363031,7.4e-05,0.026898913,0.00855929,0.011100863,0.002799961,2.75e-05,6.15e-05,0.126055344,0.0182039,0.005798201,4.7e-05,0.000533963,0.062340959,0.000272867,0.002491141,0.008899582,0.000549424,0.002157018,0.054420027,0.00081711,0.000157981,0.084612401,0.000861847,0.003508155,0.022892085,0.001290268,0.009086356,0.005890766,0.0108014365910666,0.006335506,0.005259609,0.006941742,0.001950179,0.011302864
C>A,TCA,6.58e-05,0.000639018,0.008413365,0.039796697,0.007858428,0.000356195,0.000390253,0.002899236,0.002520212,0.011398249,0.029798796,0.016998589,0.094007305,0.000445994,0.003480456,0.078996518,0.000347152,0.017203685,0.01079665,0.000190024,1.24e-05,0.07384852,0.001379329,0.001710783,0.001459931,0.000788791,0.005333445,0.02981097,0.000938127,0.014298269,0.045206626,0.000695877,0.001859022,0.005268179,0.002000416,0.017692905,0.005980778,0.0260034584599752,0.02752139,0.023196619,0.011380846,0.003310303,0.000853216
C>A,TCC,0.002530449,0.000170005,0.016806723,0.046896108,0.009168166,0.000498273,0.000636413,0.003519073,0.014201193,0.007758808,0.025098986,0.002459796,0.009970775,0.003799947,0.002880377,0.029398704,0.024310673,0.005811245,0.005868179,2.59e-05,2.23e-16,0.043628665,0.00112945,0.003371544,0.000235989,0.001747443,0.004905652,0.051919106,0.000630085,0.000451945,0.041106025,0.000242957,0.009375069,0.023092016,0.001590331,0.01149539,0.007861022,0.0210027933715184,0.029381379,0.01268224,0.007752222,0.001720158,0.002220562
C>A,TCG,2.23e-16,8.53e-05,0.001410564,0.010899095,0.00229954,0.00020011,3.44e-05,0.000299921,2.22e-16,2.22e-16,0.001899923,0.000444963,0.00116009,0.000572992,0.000505066,0.012099467,7.08e-06,7.69e-05,0.001489538,2.22e-16,9.51e-05,0.012708349,0.000284861,2.22e-16,6.83e-05,2.27e-16,0.000874988,0.009793604,0.000123017,0.000128984,0.017402551,8.26e-05,0.000954498,9.47e-05,0.001120233,0.002379046,0.003010391,0.00317042166608159,0.005438052,0.001468098,0.001866528,0.000207019,3.15e-07
C>A,TCT,5.88e-06,0.000440013,0.00997399,0.041296572,0.012697461,0.00074741,0.000613398,0.001409629,0.003730313,0.000190971,0.031898711,0.027297734,0.670052068,0.081598857,0.002350308,0.035498436,0.151066325,0.008051725,0.009247131,0.000288036,0.002569824,0.12208021,0.001379329,0.000904414,2.22e-16,0.000400125,0.00605788,0.022808393,0.001400189,0.000556933,0.041106025,0.000664882,0.00448764,0.015294712,0.002440508,0.027788857,0.006550852,0.0241032057263616,0.023830994,0.016833248,0.013010021,0.00590054,0.016604207
C>G,ACA,0.00186033,2.23e-16,0.019707883,0.006889428,0.01009798,0.000471258,6.49e-05,8.56e-06,0.001120094,0.001179819,0.004329825,0.004839598,2.23e-16,0.000304996,0.00122016,0.00386983,2.22e-16,0.000113024,0.00173946,0.001010128,0.00014599,0.001731137,0.003188447,0.008774017,1.69e-05,0.001669991,0.004179338,0.00334123,0.000427058,0.000153981,0.00314046,0.00106981,0.008315626,0.003578763,0.034307136,0.002688922,0.04730615,0.0122016228158345,0.008213432,0.007453156,0.00889338,0.005330488,0.003180806
C>G,ACC,0.001220217,0.000133004,0.011704682,0.002839764,0.00569886,0.000289158,2.16e-05,0.00018895,0.000319027,0.002549609,0.002949881,0.001959837,2.43e-05,0.000133998,0.000642084,0.000950958,5.78e-06,0.000269058,0.002009376,0.000569072,4.34e-05,0.002591703,0.001789129,0.001510691,0.000718966,0.000193197,0.002712217,0.003671351,0.000378051,0.000223973,0.002630385,0.000466917,0.003158339,0.004548428,0.01120233,0.001579367,0.022502925,0.00868115459356094,0.005620372,0.0102137,0.004322112,0.003160289,0.000233059
C>G,ACG,0.00011502,1.52e-05,0.000253101,0.001279894,0.001719656,2.22e-16,5.08e-05,0.000504867,2.22e-16,0.000905861,0.000285988,0.001359887,2.23e-16,2.22e-16,7.51e-05,0.000263988,3.91e-05,3.07e-05,0.000846737,0.000152019,2.23e-16,0.001921262,0.0006157,0.000469215,2.22e-16,0.000238658,0.000849283,0.000920339,6.83e-05,2.22e-16,0.000896131,0.000130977,0.002998423,0.00034588,0.005351113,0.000635745,0.013601768,0.00225029928980554,0.001496999,0.001635387,0.003047999,0.001210111,3.14e-05
C>G,ACT,0.001140202,9.12e-05,0.017406963,0.003549705,0.01009798,0.000254139,9.57e-05,0.000284925,0.001930162,0.002909553,0.005709769,0.006409468,2.23e-16,2.22e-16,0.001440189,0.003999824,0.00020409,0.00032507,0.011496433,1.96e-05,0.000318978,0.004082682,0.002138959,0.004422025,6.19e-05,6.23e-05,0.003806764,0.002851049,0.000728098,8.33e-05,0.002490365,0.00073087,0.003778013,0.009476724,0.018803911,0.002439022,0.043405643,0.0146019420582938,0.008359592,0.021692601,0.007195013,0.008270758,0.003290833
C>G,CCA,2.41e-05,2.23e-16,0.019307723,0.00782935,0.006958608,4.11e-05,2.23e-16,0.000457879,0.000206017,0.001319797,0.004999798,0.000892926,4.57e-05,2.99e-05,0.001340176,0.005609753,8.55e-05,8.36e-05,0.003548899,0.00055307,0.000193987,0.000613403,0.001769139,7.69e-05,1.97e-05,0.001044471,0.003388554,0.002610961,0.000364049,1.44e-05,0.003290482,0.001269775,0.002048922,0.003858666,0.000442092,0.001689323,0.028803744,0.00756100561374663,0.004024956,0.007014806,0.007120081,0.002080191,5.36e-05
C>G,CCC,7.68e-05,0.00035101,0.014105642,0.00686943,0.009068186,3.72e-05,0.000131085,0.000959747,0.00226019,0.000285956,0.005459779,0.001539872,2.23e-16,2.22e-16,0.000891117,0.000647971,7.86e-05,1.7e-05,0.004538592,0.00023503,4.66e-05,0.002261486,0.00180912,4.38e-06,0.000272987,0.000775631,0.002768344,0.005221922,0.000322044,7.55e-05,0.006340929,0.000792859,0.001859022,0.006297823,0.000313065,0.001259495,0.037704902,0.00935124371541415,0.0043647,0.012085743,0.008319791,0.00120011,2.49e-05
C>G,CCG,0.000352062,4.87e-05,0.0015006,0.003399718,0.002489502,8.43e-05,7.76e-05,0.000790792,0.000262022,0.001319797,1.05e-05,0.000436964,2.01e-05,2.22e-16,0.000173023,0.000487979,1.91e-05,5.02e-05,0.001459547,0.000232029,2.23e-16,0.003582354,4.81e-05,0.000188086,1.01e-05,0.000239927,0.000561501,0.000945348,4.17e-05,2.22e-16,0.001300191,0.000119979,0.000853551,0.000869699,0.000321067,0.000956616,0.012301599,0.00168022346972147,0.000929935,0.001066033,0.002652245,0.000411038,7.68e-18
C>G,CCT,2.23e-16,6.36e-05,0.022308924,0.006819434,0.009528094,1.44e-05,9.57e-05,0.000889766,0.004240356,2.22e-16,0.005489778,0.003029749,3.01e-05,2.22e-16,0.001560204,0.006399718,0.000178078,8.45e-05,0.009617016,3.9e-05,0.000192987,0.003792492,0.003218433,1.01e-05,0.000172992,0.000318324,0.003154278,0.004711734,0.000625084,2.22e-16,0.00669098,0.001019819,0.003418202,0.016194401,0.000581121,0.001269491,0.040205227,0.0139018489459098,0.006367558,0.021864996,0.010469944,0.005030461,8.64e-05
C>G,GCA,9.59e-06,6.54e-05,0.012705082,0.005289561,0.004679064,1.94e-05,1.96e-05,5.11e-05,0.000182015,0.00019597,0.002579896,0.001359887,1.5e-05,1.72e-05,0.000564074,0.001499934,2.22e-16,0.000994213,0.001049674,0.000878111,5.99e-05,0.000635417,0.001309363,0.000669306,0.000387982,0.001403072,0.001851178,0.002721001,0.000395053,0.000182978,0.002270333,0.000514909,0.001829038,0.003378832,0.001320275,0.001199519,0.02400312,0.00506067306951825,0.00266304,0.002292311,0.004407553,0.002040187,0.000219055
C>G,GCC,0.000164029,0.000261008,0.008633453,0.005749523,0.005078984,0.000685376,3.32e-05,0.000451881,0.00047304,2.22e-16,0.002389903,0.002829765,8.31e-05,0.000135998,0.000289038,0.000478979,4.33e-05,0.00060813,0.003089041,0.000835105,5.55e-05,0.001340881,0.001289372,0.00286131,0.001419933,0.000919231,0.002289102,0.005792132,0.000579078,2.22e-16,0.00164024,0.000255955,0.007506052,0.021392604,0.000938195,0.001079567,0.021302769,0.00537071430500257,0.003081114,0.003630287,0.006495397,0.002690246,0.001190301
C>G,GCG,0.000166029,2.23e-16,0.002420968,0.003299726,0.001509698,2.22e-16,4.51e-05,0.000336911,0.000180015,0.000544916,0.00048798,0.000520957,2.23e-16,2.22e-16,9.54e-05,0.000240989,2.22e-16,1.01e-05,8.13e-05,2.37e-05,2.23e-16,0.00063942,0.00059671,0.000692317,0.000116995,0.00021314,0.00043815,0.003141156,7.38e-05,2.22e-16,6.88e-06,0.000116979,0.00045676,0.000590796,0.00057712,0.001019591,0.009861282,0.00119015829105271,0.000644863,0.000821283,0.00166929,0.000156014,7.68e-18
C>G,GCT,2.23e-16,0.000134004,0.014705882,0.003039748,0.006718656,0.000321176,4.2e-05,0.000276927,0.001280108,0.000881865,0.004859804,0.008569289,3.54e-05,0.000112998,0.000504066,0.002699881,8.03e-05,0.000451097,0.003228998,0.000787099,2.23e-16,0.001230809,0.000319844,0.003021384,0.00020699,0.000453698,0.001630085,0.003381244,0.000305041,2.22e-16,0.00321047,0.000398929,0.003358234,0.00873698,0.001270264,0.000916632,0.032404213,0.00698092846348564,0.003122878,0.006977699,0.005278448,0.003560326,0.001850469
C>G,TCA,2.23e-16,2.23e-16,0.013305322,0.003579703,0.007808438,4.97e-05,2.23e-16,0.000253933,0.001940163,0.003739426,0.001469941,0.002689777,5.55e-05,2.22e-16,0.000969127,0.316986028,1.97e-05,0.000214046,0.002509221,0.003750474,0.000159989,0.002141407,0.001749149,0.000129059,0.000653969,0.003581753,0.005167841,0.003751381,0.001310177,0.000114986,0.000107016,0.000126977,0.000395792,0.006627709,0.001790372,0.002658934,0.034704512,0.0125016627211419,0.008219757,0.008420473,0.006163538,0.019901823,0.00067317
C>G,TCC,0.000203036,9.87e-05,0.020308123,0.005949506,0.00759848,0.000113062,5.09e-05,0.001619573,0.004610387,0.00058791,0.001339946,0.001999834,2.23e-16,2.22e-16,0.001550203,0.063497202,0.000150066,6.12e-05,0.005228378,0.000723091,6.18e-05,0.00464305,0.003118481,2.82e-05,0.00063097,0.001526502,0.005387434,0.005582054,0.000745101,0.000135984,0.006831001,0.000985825,0.002918465,0.005628054,0.001110231,0.002179126,0.036704772,0.0141018755494481,0.007893084,0.017220179,0.010101833,0.014201301,9.4e-06
C>G,TCG,6.94e-05,4.12e-05,0.000520208,0.001829848,0.001709658,1.95e-06,6.35e-06,0.000363904,8.75e-06,0.000872866,7.82e-05,0.000403966,2.23e-16,2.22e-16,0.000214028,0.013799391,1.83e-05,5.84e-05,0.000438864,0.000380048,1.55e-05,0.000899591,0.000440785,0.000124057,6.27e-05,0.000389249,0.000542592,0.001350497,9.41e-05,2.46e-05,0.000897131,0.000105981,0.000415781,0.000154946,0.000860179,0.001099559,0.009621251,0.00174023145078295,0.000941002,0.001559614,0.002441531,0.001930177,7.68e-18
C>G,TCT,0.001560277,0.001180034,0.023509404,0.003379719,0.0124975,0.00012807,0.000281182,0.000713812,0.012301034,8.53e-05,0.00024899,0.005629533,5.45e-05,4.34e-05,0.0030504,0.368983736,0.000321141,0.000174037,0.028491158,0.000283036,0.001499897,0.003182091,0.001609217,0.001120513,0.000686968,0.000392042,0.006385795,0.004071498,0.002210299,0.000142983,0.000336049,0.000108981,0.004237771,0.021192673,0.002550531,0.003948417,0.050706592,0.0237031525192851,0.016393333,0.025837786,0.011100208,0.044604086,0.002590656
C>T,ACA,0.025004441,6.11e-05,0.014205682,0.008699278,0.032593481,0.06413516,0.000122079,0.001409629,0.001330112,0.003329489,0.006809725,0.008099328,0.001040081,0.000548992,0.005510722,0.007179684,0.012405447,0.005051082,0.001759454,0.001220154,0.000570961,0.009206048,0.027986374,0.049322582,0.002169898,0.001770593,0.004091591,0.011804344,0.002660359,0.000776906,0.005090746,0.10598119,0.017690695,0.002209236,0.006241298,0.003448617,0.009601248,0.0197026204485197,0.028638138,0.016769283,0.024818982,0.009880905,0.089922783
C>T,ACC,0.006321123,0.00138004,0.012404962,0.004179653,0.017896421,0.022912561,0.017711498,0.038089959,0.007680645,0.001399785,0.002819886,0.00541955,0.000834065,0.005249927,0.002120278,2.22e-16,0.010104436,0.006911481,0.003728843,0.001710216,7.03e-05,0.004653057,0.014093139,0.013005955,0.003919816,0.000217966,0.002757443,0.011204123,0.002540343,0.003379591,0.004310632,0.090383958,0.009275121,0.003988621,0.003060637,0.002149138,0.004040525,0.0121016095140654,0.020511777,0.006614361,0.020701609,0.003360308,0.016904283
C>T,ACG,0.36506483,3.27e-05,0.002571028,0.000782935,0.006178764,0.120065821,2.23e-16,0.000542857,0.000927078,0.001209814,0.00322987,0.004379636,0.005570433,0.000413994,0.000118015,0.000302987,0.02651164,0.074515965,0.003268986,3.95e-05,0.00028698,0.012208021,0.001549246,0.013306092,0.007399653,0.001405089,0.003190075,0.000514189,0.00533072,0.007049147,0.020102947,0.014397445,0.00758601,0.0005798,0.006331317,0.005177924,0.00600078,0.000267035515723591,0.013165331,0.006259616,0.007735355,0.003430314,0.014303624
C>T,ACT,0.009581702,0.001860054,0.012104842,0.004249647,0.021995601,0.021311683,0.007424819,0.010797154,0.007480629,0.032894947,0.012499495,0.006489461,0.002990232,0.007929889,0.002380312,0.000317986,0.016107072,0.001780381,0.005998139,0.000737093,0.00014699,0.00797524,0.036782092,0.013005955,4.17e-05,0.000619446,0.003021539,0.009153368,0.002790377,0.005059388,0.001830268,0.0292948,0.01009469,0.000899689,0.005651175,0.002439022,0.012801664,0.0169022479989839,0.022509808,0.013240031,0.023190785,0.006350582,0.030307679
C>T,CCA,0.002000355,0.004320125,0.016106443,0.012698946,0.019396121,0.01360746,0.050032478,0.106971801,0.002710228,0.035594532,0.002669892,0.007239399,3.68e-05,0.000150998,0.006590863,1.93e-05,0.002731199,0.010802315,0.007167776,0.000821104,0.000456969,0.011707692,0.118942091,0.010604855,0.001349937,0.001203628,0.003972699,0.005381981,0.001690228,0.000291965,0.007611115,0.109980479,0.04117834,0.005098238,0.003610751,0.0042383,0.009111184,0.0196026071467505,0.02480661,0.012265993,0.022213666,0.006910633,0.003570904
C>T,CCC,0.000270048,0.000170005,0.020208083,0.011499046,0.018996201,0.014808118,0.05533592,0.181952034,0.005970502,0.002599601,0.004019838,0.008759273,2.23e-16,8.44e-05,0.000254033,0.001349941,0.001380606,0.011102379,0.002839119,0.001720217,5.89e-05,0.006764444,0.09195523,0.013005955,0.005159758,0.003151928,0.004296603,0.008853258,0.002830382,0.000209975,0.00164024,0.102981722,0.163913781,0.083171245,0.002100437,0.004728104,0.003860502,0.0173023012060604,0.029165316,0.009888776,0.024046008,0.001850169,0.002860725
C>T,CCG,0.196034813,0.00277008,0.002240896,0.003309725,0.017496501,0.122066918,0.006714358,0.022094175,0.008940751,0.002639595,0.00148994,0.00650946,2.23e-16,0.003699948,4.09e-05,0.001989912,0.011605096,0.024805315,0.000690786,0.00190024,0.000542963,0.016811045,0.01569236,0.016507558,0.006219708,0.000427652,0.001775428,0.006352338,0.003340451,0.002549691,0.015302243,0.016797019,0.008195689,0.002669077,0.00327068,0.003498597,0.007570984,0.00236031392175159,0.006542889,0.002904444,0.008052547,0.010100925,0.015503928
C>T,CCT,0.000196035,0.001450042,0.023009204,0.015998672,0.023095381,0.01380757,0.056636764,0.125966794,0.020601731,0.000137979,0.014499414,0.011099079,0.000103008,0.000594992,0.003380443,0.001449936,0.001360597,0.015603343,0.019294013,0.00174022,0.000135991,0.006654372,0.257874449,0.01170536,0.000324985,0.001591622,0.004390394,0.004291579,0.001650223,0.003319598,0.000673099,0.046191802,0.14492377,0.046983756,0.006061261,0.004098357,0.006990909,0.0216028731821332,0.028898963,0.010480213,0.035511324,0.007730708,0.005041277
C>T,GCA,0.004440789,2.23e-16,0.016406563,0.004089661,0.019396121,0.09365134,8.5e-05,0.000854775,0.000157013,0.000364944,0.000275989,0.006979421,4.22e-05,0.000362995,0.004480587,0.007179684,0.017107511,0.073715794,0.006497984,0.001640207,6.11e-05,0.009686364,0.060970316,0.04221933,0.009319563,0.002385223,0.002741739,0.029911007,0.002750372,0.003249607,0.010401524,0.049691181,0.006796425,0.007287481,0.002550531,0.00236905,0.008031044,0.0143019021529863,0.029806992,0.010339898,0.015314847,0.006010551,0.095524203
C>T,GCC,9.28e-05,1.29e-07,0.013405362,0.00445963,0.021595681,0.111060885,0.011707599,0.026293069,9.51e-06,0.000180972,0.00024499,0.006529458,0.012500972,0.015099789,0.001820238,0.000920959,0.008163584,0.129027643,0.005288359,2.22e-16,0.000156989,0.008175371,0.03968068,0.053224369,0.019599079,0.001848346,0.001935371,0.043716088,0.005450736,0.000187977,0.007961167,0.060989176,0.011394007,0.017793848,0.002310481,0.002958814,0.004500585,0.0116015430052197,0.025369751,0.006155573,0.018605587,0.008640791,0.081420629
C>T,GCG,0.218038721,2.23e-16,0.000528211,0.00048196,0.01229754,0.178097635,5.52e-06,0.000175954,3.43e-05,0.000156976,0.001909923,0.004759605,0.014901158,0.012599824,7.46e-05,0.000177992,1.92e-05,0.277059358,0.001169637,0.001610203,0.000854941,0.01480973,0.003208437,0.020509391,4.34e-05,2.24e-16,0.002775326,0.025409351,0.006680903,0.000214974,0.018302683,0.005239071,0.001968964,0.002529126,0.004320899,0.004478204,0.005480712,3.93052275952702e-18,0.009274841,0.001975348,0.005629792,0.017101567,0.049612571
C>T,GCT,3.84e-05,5.04e-05,0.011304522,0.003809684,0.018596281,0.074440809,0.016110458,0.00538858,0.000758064,0.042093534,0.004609814,0.010699112,0.013501049,0.031899553,0.00267035,0.001269944,0.010504612,0.077216543,0.006717915,6.6e-05,2.23e-16,0.006694398,0.108946958,0.033115162,0.008049622,0.001754965,0.003698757,0.020307473,0.004980673,0.000101988,0.00512075,0.017696859,0.005697003,0.006027916,0.002320483,0.003198717,0.008611119,0.0127016893246802,0.023174069,0.007981784,0.0226098,0.00841077,0.066616878
C>T,TCA,0.001110197,0.53601551,0.005762305,0.00373969,0.020295941,0.012006582,0.238154593,0.006608258,0.017301454,0.000206968,0.005039796,0.004269646,0.000366028,0.002729962,0.005520723,0.006929695,0.003541555,0.026505679,0.006358027,0.000532067,0.000107993,0.011407495,0.043878637,0.008073697,0.003599831,0.001599716,0.007056734,0.002400884,0.003290445,0.004839414,0.006390936,0.097982609,0.007476068,0.002958977,0.004020836,0.006447415,0.003880504,0.0300039905307406,0.04223462,0.028580099,0.020553273,0.011701072,0.001400355
C>T,TCC,3.73e-05,0.097302815,0.013305322,0.00698942,0.022995401,0.01050576,0.331215001,0.210944392,0.013701151,0.005649132,0.00025199,0.007329392,0.002760214,0.04849932,0.002640346,0.004479803,0.00013706,0.009562048,0.003678858,9.06e-05,0.000603959,0.011407495,0.024987834,0.009194209,8.07e-05,0.001325646,0.004675479,0.012204491,0.002530342,0.0041295,3.61e-18,0.133976221,0.024587067,0.012595646,0.00250052,0.007227102,0.005280686,0.0231030727086703,0.045911154,0.012802058,0.019954329,0.006470593,0.00225057
C>T,TCG,0.110019538,0.044201279,0.000989396,0.000280977,0.015896821,0.052028522,0.074148132,0.057384873,4.64e-05,0.001749731,4.17e-05,0.003259729,0.002790217,0.436993876,8.85e-05,0.001189948,0.005322337,0.021204543,0.003019063,0.000177022,6.24e-05,0.011807758,0.004317897,0.00264121,0.000316985,3.85e-05,0.001523271,0.00269099,0.002630355,0.001739789,0.014402111,0.014697392,0.008405579,0.000764736,0.003430714,0.003468609,0.004860632,0.00212028199750567,0.007070678,0.002320273,0.006624926,0.004920451,7.68e-18
C>T,TCT,2.23e-16,0.300008682,0.008173269,0.007219401,0.020995801,0.006993834,0.107069502,0.101973118,0.002320195,0.04999232,0.005269787,0.005459547,0.022801772,0.127998206,0.006120802,0.001419937,0.000359158,0.001740373,0.022093143,0.000348044,0.000894939,0.003752465,0.062869391,5e-05,7.31e-05,2.24e-16,0.004678896,0.004711734,0.002130288,0.001989759,0.004280627,0.052490683,0.019489748,0.008037222,0.005841215,0.006577362,0.00423055,0.0224029795962863,0.033591098,0.011954101,0.026922511,0.011501053,0.003020765
T>A,ATA,0.000800142,9.59e-05,0.005492197,0.009419218,0.007378524,9.83e-05,0.00194126,0.002489344,0.012401042,8.89e-05,0.019499212,0.012698946,5.07e-05,0.001819975,0.005170677,2.22e-16,0.000613269,0.002040437,0.023092833,0.001010128,6.26e-05,0.002491637,0.000785618,0.000511234,0.003459838,0.063701089,0.083256025,0.001580582,0.001520205,0.000171979,0.000619091,0.000362936,0.007855868,0.00488831,0.002250468,0.001989202,0.00531069,0.00610081140791725,0.010007781,0.008762689,0.009464231,0.007460683,0.004781211
T>A,ATC,0.002230396,0.000878025,0.007212885,0.003529707,0.006928614,0.000546299,0.000670435,0.000466877,0.003420287,0.001079834,0.02129914,0.002819766,0.000194015,0.000336995,0.002710355,6.52e-05,0.000372163,0.00084118,0.007737599,0.000997126,0.00028898,0.000878577,0.000254876,0.005192377,0.005649735,0.007040759,0.007517069,0.002250828,0.003520476,0.000477942,0.002000293,0.00039293,0.006066809,0.007357457,0.001660345,0.001939222,0.002880374,0.00444059059854961,0.005501739,0.00667289,0.004991389,0.004300394,0.002600659
T>A,ATG,0.001140202,2.55e-05,0.009643858,0.012398971,0.009118176,2.22e-16,0.000587381,0.001559589,0.000211018,0.003699432,0.022799079,0.002759771,2.23e-16,2.34e-05,0.003120409,0.000589974,0.000354155,0.000540116,0.008807267,0.000200025,6.57e-05,0.002601709,0.000951537,0.000303139,0.000247988,0.060430237,0.033566042,0.002000736,0.000625084,0.000151982,0.002480363,0.000637887,0.005027356,0.00132954,0.002490518,0.001079567,0.006940902,0.00693092181260108,0.009324104,0.008318513,0.009105343,0.003030278,1.08e-06
T>A,ATT,0.000183032,2.23e-16,0.006112445,0.004209651,0.00619876,0.00166091,0.00371241,0.008287815,0.050704262,0.041093687,0.02499899,0.018898431,0.006660517,0.00284996,0.002820369,0.000605973,0.001850813,0.009542044,0.010996588,0.001460184,0.000632957,0.007845154,0.000653682,0.025611726,0.001599925,0.002504401,0.01930465,0.001800663,0.003070415,0.001699794,0.001960287,0.000489913,0.004157813,0.007367453,0.002770576,0.00271891,0.006120796,0.0107014232892975,0.011182787,0.011802106,0.023882373,0.069606376,0.030807806
T>A,CTA,4.3e-05,0.000243007,0.007943177,0.014398805,0.003539292,6.66e-05,0.000177115,0.001119705,0.003470292,0.001609753,0.018999232,0.004789602,2.23e-16,7.09e-05,0.000546072,0.000208991,0.000155068,0.000348075,0.003209004,0.000434055,9.36e-05,0.000542356,9.6e-05,0.000144066,6.19e-06,0.128009986,0.112995557,0.001320486,0.000944128,0.000139983,0.001950286,0.000213962,0.02058917,0.05258182,0.001570327,0.00089664,0.004940642,0.00109014498928357,0.002458485,0.003357733,0.005208286,0.003620332,1.24e-05
T>A,CTC,0.00039307,0.000244007,0.017807123,0.012198987,0.005188962,0.000551302,0.000261169,0.000957748,0.013401126,8.13e-05,0.02919882,0.00312974,2.23e-16,0.000105999,0.005600734,0.000341985,0.002951296,0.000244052,0.005698232,0.040505117,0.002239846,0.003062012,0.000402804,0.006482969,0.000687968,0.055271043,0.020999437,0.001870688,0.001450196,0.001349837,0.001410207,0.000776862,0.021088907,0.032988595,0.001160241,0.00201919,0.006440837,0.00762101359480811,0.006639386,0.008699294,0.013811249,0.003190292,0.003250823
T>A,CTG,0.000324057,0.000149004,0.013205282,0.032497303,0.005008998,0.000115063,0.000112073,0.000882767,0.000961081,0.001199816,0.027598885,0.005309559,2.23e-16,2.22e-16,0.001410185,0.00022599,0.000317139,8.2e-05,0.00102968,0.012401567,0.000716951,0.00321211,0.000293857,0.000123056,0.000124994,0.168016059,0.057753624,0.005031852,0.001140154,0.000805902,0.00198029,0.000586896,0.018690169,0.058179885,0.001600333,0.001779287,0.006800884,0.00346046024121208,0.00573004,0.005164059,0.011960547,0.003120286,0.000582147
T>A,CTT,0.000260046,2.23e-16,0.012705082,0.011799021,0.00429914,0.000179098,0.000371241,0.00011197,0.048704094,0.001149824,0.041798311,0.004439632,0.000376029,0.000233997,0.001500197,0.000522977,0.001380606,0.001050225,0.006527974,0.072309136,0.007789465,0.002261486,0.000217894,0.000102047,2.22e-16,0.060699247,0.027133895,0.004801767,0.000642087,0.001029875,0.00198029,0.000611891,0.030983703,0.066377051,0.002060429,0.002359054,0.008271075,0.00928123440417576,0.009494213,0.009425425,0.012754596,0.009010825,1.38e-05
T>A,GTA,8.12e-05,2.23e-16,0.007062825,0.009219235,0.003669266,5.1e-05,0.00040126,0.000525861,0.001730145,2.37e-05,0.012799483,0.00264978,3.31e-06,2.22e-16,0.000826108,6.7e-06,5.77e-05,0.000511109,0.000939708,6.46e-05,9.73e-05,0.001601052,0.000188908,5.56e-05,0.001169945,0.053393272,0.040465321,0.001570578,0.000783106,0.000115986,0.003430503,0.000328942,0.001899001,0.000716752,0.001150239,0.000892642,0.004960645,0.00265035249688209,0.003134842,0.005205614,0.003812465,0.002330213,0.001160294
T>A,GTC,0.000129023,0.000131004,0.007482993,0.003599701,0.002909418,0.000489268,0.000224145,0.000255933,0.002270191,0.000111983,0.013499455,0.002119824,2.23e-16,0.000122998,0.001810237,0.000129994,0.002731199,0.000589126,0.000607811,0.003400429,0.000346976,0.001951282,7.78e-05,0.002561173,0.003259847,0.010164741,0.004944145,0.002350865,0.001150155,0.000117986,0.000789116,0.000181968,0.00290847,0.005558079,0.000774161,0.001119551,0.003520458,0.00343045625068134,0.003716735,0.004842632,0.003658866,0.00229021,0.002360598
T>A,GTG,0.000246044,6.38e-05,0.011604642,0.013098913,0.004109178,0.000195107,0.000290188,0.000655827,2.22e-16,0.001349793,0.01559937,0.000787935,7.3e-05,2.22e-16,0.002510329,4.7e-05,0.000120053,0.00018704,0.005548278,0.000695088,0.000240983,0.001831203,0.000485764,0.002130975,0.000741965,0.03767961,0.004158222,0.002490917,0.000608082,7.17e-05,0.003660536,9.86e-05,0.005766967,0.001119613,0.001080225,0.001209515,0.006670867,0.00441058660801887,0.004515992,0.006289362,0.005621706,0.001430131,0.00221056
T>A,GTT,0.000258046,6.28e-05,0.012304922,0.005519542,0.003219356,0.000248136,0.000306199,5.59e-05,0.020301706,0.008758655,0.028098865,0.002559788,0.000426033,0.000107998,0.00091512,0.000357984,0.000857376,0.00084018,0.0009657,0.004800606,0.001579892,0.003462275,0.000282862,0.00430197,0.000936956,0.009455955,0.004648091,0.001310482,0.000834113,0.000323961,0.001070157,0.000190966,0.000788585,0.002859012,0.00168035,0.001839262,0.004090532,0.00577076751207911,0.004943178,0.006314993,0.006125176,0.004520414,0.003180806
T>A,TTA,0.006721194,0.000422012,0.006512605,0.008879263,0.006308738,0.000454249,0.000356231,0.003239146,0.015401294,0.016697435,0.011499535,0.025997842,0.002040158,0.003059957,0.003750491,0.000295987,0.000200088,0.001090233,0.012296184,0.000119015,0.001189918,0.0108071,0.00049376,0.012005497,0.000256988,0.070938828,0.118229641,0.004121517,0.001130153,0.000187977,0.000764112,0.00028195,0.006696478,0.004298514,0.00245051,0.002439022,0.00669087,0.00713094841613935,0.009514387,0.013183046,0.00946686,0.080607385,0.006961764
T>A,TTC,2.23e-16,0.000192006,0.010504202,0.004309642,0.004139172,0.000114063,0.000389253,0.00223941,0.034202874,0.001229811,0.019499212,0.001849846,0.000360028,0.000664991,0.006450845,0.00023199,0.00173076,0.000157034,0.004668551,0.00570072,0.000241983,0.002731795,0.000474769,0.000318146,0.000794963,0.024061831,0.012839091,0.003271204,0.00126017,0.001249849,0.001930283,0.000240957,0.003748029,0.005298168,0.001130235,0.000927628,0.00369048,0.0103013700822209,0.009126169,0.017368402,0.010700052,0.01430131,2.07e-05
T>A,TTG,2.8e-05,5.01e-05,0.006712685,0.009539208,0.004789042,2.95e-05,2.23e-16,0.001699552,0.012201025,0.00559914,0.012899479,0.016698614,0.000693054,7.06e-05,0.002770363,0.000187992,0.000357157,0.000149032,0.005178393,0.001830231,2.23e-16,0.001791177,0.000372819,0.000176081,9.85e-05,0.073791171,0.048350614,0.001990733,0.000278038,0.000320961,0.000924135,0.000189966,0.003268281,0.001379523,0.001280266,0.000803678,0.00546071,0.00502066774881059,0.00563071,0.009882942,0.007640829,0.009290851,5.02e-06
T>A,TTT,0.002250399,0.000205006,0.013005202,0.005619534,0.00874825,0.000426234,0.000798518,2.22e-16,0.279023452,0.027295807,0.037898469,0.016998589,0.005290411,0.001519979,0.005250688,6.2e-05,0.0018208,0.000475102,0.007157779,0.00198025,0.00130991,0.007104668,0.000672673,0.006713074,7.64e-05,0.030231372,0.03731392,0.002190806,0.001310177,0.005719308,0.001200176,0.000700876,0.008875332,0.00540813,0.001950406,0.002498998,0.010701391,0.0210027933715184,0.018227759,0.041091299,0.018923157,0.053504901,0.013903522
T>C,ATA,0.001090193,6.17e-05,0.016506603,0.00794934,0.046190762,0.002211213,0.000490318,0.001019731,0.000288024,0.00435933,0.009769605,0.020298315,0.000745058,0.009349869,0.073609647,0.001909916,0.012605535,0.003890834,0.241924925,9.65e-05,9.73e-05,0.002021328,0.00258874,0.010704901,0.016699215,0.024922179,0.058397605,0.006402356,0.084811461,0.000548934,0.001960287,0.000610892,0.020389275,0.002039295,0.07331525,0.002788882,0.011201456,0.0187024874308283,0.016890451,0.01726899,0.025059778,0.014401319,0.019304891
T>C,ATC,0.003040539,2.15e-05,0.007763105,0.000714941,0.013397321,0.00113062,0.000227147,0.00045588,0.000533045,0.003929397,0.005009798,0.010499129,0.003620281,0.000509993,0.040305282,0.000141994,0.006302767,0.00196042,0.012895998,0.012701605,0.000251983,0.002091374,0.000593711,0.004552084,0.009999531,0.000902945,0.001339207,0.002180803,0.026103528,0.000440947,0.002290336,0.000457919,0.00739611,0.000820716,0.038407989,0.001639343,0.005640733,0.00734097634985453,0.003120202,0.004674434,0.011107686,0.00579053,0.003240821
T>C,ATG,0.000106019,1.32e-05,0.012304922,0.004999585,0.038192362,0.004242326,0.000187121,0.001499605,0.00107009,0.009188589,0.006979718,0.014298813,0.002140166,0.000530993,0.07050924,0.000427981,0.012405447,0.000240051,0.063880176,0.000376047,2.23e-16,0.002081367,0.002308876,0.01860852,0.003879818,0.007728289,0.012627045,0.001760648,0.07851061,0.000404951,0.002750403,0.000276951,0.008115731,0.000919682,0.016803495,0.00216913,0.009641253,0.015502061774216,0.008145594,0.014031323,0.029491965,0.008040737,0.027206893
T>C,ATT,0.00574102,0.000155004,0.017306923,0.001559871,0.038292342,0.000502275,0.000615399,0.002149434,0.002650223,0.050992167,0.014899398,0.028997593,0.003360261,0.000149998,0.063808362,0.000958958,0.005972622,0.000929199,0.135957809,0.007790985,0.000543963,0.004242788,0.001739154,0.000103047,0.025598797,0.000753316,0.005912485,0.002440898,0.037205027,0.000594928,0.001150169,0.000544903,0.008465547,0.002029298,0.048009986,0.003488601,0.013601768,0.0194025805432123,0.018468269,0.019224199,0.022543858,0.017701621,0.000267068
T>C,CTA,2.23e-16,0.000302009,0.008833533,0.00517957,0.013297341,0.00166091,0.000451293,0.001529597,0.007570636,0.010198434,0.002389903,0.013698863,0.000122009,0.001319982,0.04540595,4.74e-05,0.003161388,0.000750161,0.010696681,0.011101403,0.000646956,0.000386254,0.00045178,0.01170536,0.01149946,0.006740526,0.008932492,0.002270836,0.052007028,0.00131984,0.001180173,0.001269775,0.008145715,0.00132954,0.050010402,0.001949218,0.007340954,0.0109014498928357,0.00610429,0.013366443,0.025715269,0.010300944,0.0146037
T>C,CTC,0.002500444,2.85e-05,0.014505802,0.002359804,0.01039792,0.001030565,0.000259168,0.000839779,0.003580301,8.89e-05,0.006999717,0.01529873,4.12e-05,0.000123998,0.049706514,0.000121995,0.005342346,0.00215046,0.003169017,0.173021859,0.006459556,0.002461617,8.14e-05,0.004832212,0.002819868,0.00134416,0.001273541,0.002240825,0.031204217,0.002619683,0.00184027,0.001379755,0.00990479,0.002019302,0.021804535,0.00231907,0.007911028,0.00987131288461365,0.00492976,0.005589215,0.01605695,0.005250481,0.003200811
T>C,CTG,0.000360064,2.23e-16,0.010104042,0.005499544,0.020795841,0.005322918,0.000104068,0.000729808,0.002170182,0.000934856,0.001259949,0.015398722,0.001050082,2.53e-05,0.037404902,2.22e-16,0.004471963,0.001390298,0.009607019,0.087311031,0.003919731,0.001621065,0.000497758,0.026111955,0.014399323,0.002030194,0.002977989,0.004221554,0.078710637,0.002489699,0.003910573,0.001269775,0.004457655,0.001559461,0.00995207,0.002538982,0.00777101,0.0105013966857592,0.005142813,0.00821157,0.026880665,0.00557051,0.033808566
T>C,CTT,4.26e-05,0.000186005,0.015806323,0.002559788,0.014897021,0.001270696,0.001821182,0.00572849,0.043103622,0.039693902,0.006459739,0.03289727,2.44e-06,0.000814989,0.045906016,0.000111995,0.002060905,0.001750375,0.015495192,0.426053827,0.018298743,0.002561683,0.00039081,0.006903161,0.02169898,0.000539549,0.002410069,0.003631336,0.055507501,0.000366956,0.001780261,0.004099273,0.013792745,0.003178901,0.050410485,0.004268288,0.008591117,0.0136018090406024,0.006773453,0.011142553,0.024398466,0.007870721,0.007711954
T>C,GTA,0.001050186,2.23e-16,0.009983994,0.002899759,0.014097181,0.00257141,0.000101066,0.00026593,2.22e-16,0.000799877,0.002599895,0.00951921,0.002200171,0.014699794,0.071109318,0.000286987,0.011004831,0.012902764,0.002059361,0.000123016,5.95e-05,0.000708465,0.000953536,0.002761265,0.222989525,0.000716882,0.00587282,0.003701362,0.083511285,0.000490941,0.001080158,0.000934834,0.004527618,0.000564805,0.030706387,0.001699319,0.007470971,0.00601079943632503,0.004829088,0.011737034,0.00600869,0.006060555,0.027006842
T>C,GTC,0.001900337,2.74e-05,0.005642257,0.001179902,0.007938412,0.001110609,7.41e-05,2.22e-16,0.000423036,0.002319644,0.002619894,0.009779188,0.006280488,0.005329925,0.030403984,0.000181992,0.006542873,0.011602486,0.001189631,0.014901883,0.001499897,0.002261486,0.00037082,0.002261036,0.066296885,0.001235714,0.001225361,0.003651344,0.024803352,0.000586929,0.003590526,0.000554902,0.006566546,0.002029298,0.018203786,0.002159134,0.006890896,0.0045806092210264,0.002912479,0.003259057,0.004327137,0.003740343,0.001160294
T>C,GTG,0.001170208,0.000107003,0.010904362,0.002369803,0.014997001,0.002451344,7.25e-05,0.000528861,0.000232019,0.002569606,0.002809886,0.006309476,2.23e-16,0.001379981,0.041505439,0.000194991,0.011004831,0.005951275,0.004278672,0.003570451,0.001009931,0.003982617,0.000952536,0.00406186,0.116994504,0.000583783,0.001608612,0.002670983,0.071209623,0.000730912,0.002990438,0.000500911,0.005127303,0.000190934,0.009832045,0.00186925,0.005740746,0.00565075154995614,0.003370187,0.005971595,0.007920205,0.003510322,0.017304385
T>C,GTT,7.13e-05,1.25e-05,0.010204082,0.000754937,0.013697261,0.000906497,0.000811527,0.006848194,0.007070594,0.317951156,0.006289746,0.009859182,0.005290411,0.011499839,0.046306068,2.22e-16,0.011204919,0.005861256,0.002399256,0.005240662,0.001469899,0.003152071,0.002358852,0.000928425,0.132993752,0.000846166,0.002024085,0.003991469,0.055207461,0.000850897,0.001550227,0.000444921,0.004687534,0.000420855,0.040008322,0.003048777,0.007510976,0.00731097235932379,0.008249865,0.006740401,0.00695348,0.003890356,0.011102813
T>C,TTA,0.000255045,2.23e-16,0.015206082,0.0024098,0.017996401,0.001480811,0.002151396,0.005998419,0.030202538,0.081187528,0.002079916,0.013998838,0.000730057,0.008859876,0.086111285,2.21e-05,0.006272754,0.003420732,0.012995967,0.002090264,0.001059927,0.001801183,0.001239397,0.013806321,0.084196045,0.004574468,0.023569448,0.001460537,0.042305718,0.001309842,0.00259038,0.000543904,0.004587587,0.000367873,0.047709924,0.002109154,0.005940772,0.0102013567804518,0.007356649,0.018435036,0.014673763,0.063605826,0.019905043
T>C,TTC,0.003390603,4.35e-05,0.008993597,0.000502958,0.009708058,0.001090598,0.000596387,0.001729544,0.020901757,0.014297803,0.002639893,0.013598871,0.005170401,8.1e-05,0.046306068,2.49e-05,0.002881265,0.005921269,0.003668862,0.015301933,0.001099925,0.006184063,0.000552731,0.016607604,0.054797426,2.26e-16,0.00192051,0.003001104,0.031404244,0.002049752,0.00150022,0.000285949,0.010294585,0.000821716,0.045109383,0.002189122,0.006440837,0.00755100428356972,0.00306651,0.005655746,0.006768253,0.026802455,0.010502661
T>C,TTG,0.000416074,0.000117003,0.006932773,0.001739856,0.012697461,0.002131169,0.000319207,0.003808996,0.012901084,0.022796498,2.22e-16,0.009309227,0.000363028,0.000667991,0.040005243,9.98e-05,0.004311893,0.001320283,0.007227757,0.002350297,0.001209917,0.003262143,0.001079475,0.012005497,0.027598704,0.001229853,0.005352445,0.002030747,0.030304095,0.001409829,0.000379056,0.000202964,0.004007892,0.000437849,0.01000208,0.00191923,0.004980647,0.00601079943632503,0.003704556,0.006306709,0.009789011,0.020501878,0.019104841
T>C,TTT,0.004330769,3.58e-05,0.013905562,0.000635947,0.018496301,0.001740954,0.000812527,0.002969217,0.088107406,0.04309338,0.004569815,0.038396813,0.003250252,2.51e-05,0.059707825,0.000530977,0.002921283,0.001350289,0.008387397,0.021002654,0.000999931,0.003372216,0.001469285,0.01930884,0.040698088,2.23e-16,0.004003968,0.003671351,0.057407758,0.002059751,0.00082212,0.000444921,0.012093639,0.001059634,0.061412774,0.003058773,0.009481233,0.0102013567804518,0.007912687,0.01235706,0.011748461,0.046104223,0.037109402
T>G,ATA,0.000172031,0.000238007,0.003951581,0.001049913,0.003859228,2.57e-05,0.000473307,8.44e-05,0.011901,0.003699432,0.001639934,0.045096257,0.001920149,3.47e-05,0.002010263,6.14e-05,0.000212093,0.0004681,0.011196526,0.000851107,0.001409903,0.000721474,0.002328867,1.05e-05,0.000391982,0.002322747,0.010846429,0.003211182,0.002920395,0.009868806,0.00040706,3.9e-05,0.003678065,0.003048946,0.021704515,0.001149539,0.003880504,0.00723096171790848,0.005393753,0.011976489,0.00446149,0.00753069,2.4e-08
T>G,ATC,0.000207037,7.46e-05,0.00260104,0.000158987,0.00259948,0.000204112,0.00024716,0.000931754,0.001050088,0.002659592,0.000667973,0.006929425,0.001240096,5.33e-05,0.000664087,2.22e-16,0.002971305,0.000415089,0.004408632,0.000700088,0.004479693,0.000858564,0.001889081,2.13e-05,0.000436979,5.11e-05,0.001037752,0.001400515,0.002530342,0.017297906,0.00081712,0.00010998,0.002478696,0.000965666,0.010602205,0.001069571,0.002970386,0.00705093777472404,0.004653723,0.015108253,0.003057717,0.00164015,3.26e-05
T>G,ATG,0.000268048,2.05e-06,0.006302521,0.001419882,0.007938412,0.000107059,0.000276179,0.001469613,0.000604051,0.010598372,0.004769807,0.005329558,0.000320025,0.000522993,0.000808106,8.25e-05,0.000709311,0.00018504,0.004618567,0.000719091,0.000989932,0.001991308,0.001769139,2.69e-05,0.000186991,0.002941736,0.00386347,0.002060758,0.002290309,0.007679071,0.000420062,0.000409927,0.004017887,0.004478452,0.016803495,0.00206917,0.007660996,0.00806107212259231,0.005253576,0.013326052,0.007093092,0.002700247,7.47e-06
T>G,ATT,0.00011202,3.76e-06,0.003971589,0.000215982,0.004829034,0.000386212,0.000309201,0.000732807,2.22e-16,0.014297803,0.00073997,0.023898016,0.009220717,2.22e-16,0.001280168,0.000319986,0.011104875,0.003630778,0.007957531,0.012501579,0.069095255,0.00184121,0.001619212,5.82e-05,6.95e-05,4.17e-05,0.003314154,0.004711734,0.005930801,0.114986083,0.000810119,0.000793859,0.000782588,0.002629091,0.024705139,0.002858854,0.006420835,0.0180023943184444,0.01159521,0.040609447,0.009207388,0.007610697,0.00142036
T>G,CTA,3.55e-05,0.000153004,0.004371749,0.000869928,0.002589482,4.95e-05,8.43e-05,0.000358905,0.003280276,0.001479773,0.001219951,0.025997842,0.000155012,0.000226997,0.000893117,4.14e-05,4.85e-05,0.000206044,0.003958772,0.000310039,0.002049859,0.000111073,0.000713653,0.000963441,4.35e-06,0.004910383,0.00710341,0.001430526,0.001420192,0.014598233,0.000781114,0.000197965,0.001968964,0.003708718,0.002600541,0.000982606,0.005300689,0.00335044560926603,0.001527196,0.004516176,0.003066358,0.003470318,0.000234059
T>G,CTC,0.000212038,0.000155004,0.007042817,0.000440963,0.004609078,0.00078443,0.000172112,0.000791791,0.005580469,4.98e-05,0.001949921,0.007409385,2.23e-16,0.001149984,0.001140149,2.82e-06,0.001210531,0.000157034,0.001079665,0.001040131,0.031397844,0.001991308,0.002088983,0.001600733,5.44e-05,0.000882732,0.002281548,0.000880324,0.004940667,0.022097325,5.69e-06,0.000214962,0.001429248,0.000517821,0.002380495,0.001409435,0.007390961,0.00567075421030997,0.002641312,0.01044039,0.003789292,0.002410221,0.002530641
T>G,CTG,0.000128023,0.000121003,0.010704282,0.003789685,0.006128774,0.000924507,2.23e-16,0.00128966,0.0011901,2.58e-05,0.00469981,0.014198821,5.35e-05,0.000478993,0.000593078,2.22e-16,0.000435191,0.000272058,0.002239305,1.94e-06,0.01369906,0.002931926,0.001329353,0.002711242,2.01e-05,0.008030768,0.00631253,0.003041119,0.005560751,0.015498124,0.000332049,7.85e-05,0.001499211,0.006357802,0.003770784,0.001589363,0.009831278,0.00559074356889466,0.002146177,0.007246785,0.005657667,0.003040278,0.003470879
T>G,CTT,0.00017103,0.000203006,0.007032813,0.0011999,0.00729854,0.001300713,2.65e-05,3.68e-06,0.003400286,0.000155976,0.000573977,0.056495311,0.001300101,0.005229927,0.000344045,5.55e-05,0.000962422,0.002490533,0.002539212,0.005310671,0.549962233,0.004142722,0.00219893,0.005112341,0.000184991,0.001197879,0.002650798,0.004711734,0.007801054,0.100987776,0.000767112,0.000264953,0.000948501,0.002709063,0.004110855,0.006877242,0.004940642,0.0131017425317567,0.004305865,0.018481445,0.00948922,0.010500962,0.000384097
T>G,GTA,2.23e-16,0.000209006,0.004421769,0.00059795,0.002519496,4.35e-05,9.07e-05,0.000322915,0.002480208,7.48e-05,0.001309947,0.008299311,0.000204016,0.000480993,0.000412054,8.77e-05,7.79e-05,0.000203043,0.00090172,0.000495063,0.000280981,0.000870572,0.000635691,2.22e-16,0.000285987,0.001580918,0.002957566,0.001070394,0.001370185,0.00115986,4.49e-05,0.000187967,0.00030384,0.001759392,0.011802455,0.000503798,0.003330433,0.00249033121405147,0.001051456,0.003316705,0.001455593,0.001800165,7.68e-18
T>G,GTC,2.23e-16,0.000133004,0.002340936,0.000252979,0.001709658,0.000213117,0.000121079,0.000320915,0.00166014,2.23e-05,0.000655973,0.005849514,0.000833065,0.000941987,0.000213028,2.22e-16,0.002100923,0.000580124,0.000900721,0.000204026,0.00624957,3.7e-05,0.000702658,6.65e-05,0.000532975,0.000235184,0.000445633,0.001530563,0.001210163,0.001929766,9.17e-05,0.000352937,0.000871542,0.005068248,0.006861427,0.000938624,0.005800754,0.00224029795962863,0.001026417,0.003047837,0.00079861,0.000950087,1.83e-05
T>G,GTG,0.000348062,3.71e-05,0.010904362,0.002429798,0.00529894,0.00027415,0.000325211,0.002409365,0.006030507,0.003799417,0.00396984,0.003969671,2.23e-16,0.001729976,0.000496065,0.000425981,0.000781343,0.000347074,0.000674791,0.000835105,0.001479899,0.005833833,0.000509752,8.7e-05,0.00021299,0.000452155,0.001238005,0.003131152,0.002350318,0.003129621,0.000770113,0.001379755,0.002548659,0.004038604,0.009832045,0.002159134,0.007721004,0.00445059192872652,0.001748348,0.003109596,0.002970376,0.00120011,0.000103026
T>G,GTT,1.46e-05,2.23e-16,0.005832333,0.000251979,0.00234953,0.000787431,0.000835542,0.001829518,0.006750567,0.006838949,0.001289948,0.01939839,0.002210172,0.005159928,0.000165022,2.89e-06,0.002250989,0.001390298,0.002389259,0.007240915,0.113992172,0.002141407,0.000340834,0.003561631,0.002589878,1.99e-05,0.001069892,0.002680987,0.006050817,0.020597507,0.001150169,0.000159972,0.002808523,0.003348842,0.017103558,0.003338661,0.005940772,0.00548072893694861,0.001953579,0.007756035,0.001780394,0.003470318,0.002800709
T>G,TTA,2.23e-16,1.67e-05,0.007252901,0.000376969,0.005218956,0.000105058,0.000128083,0.000954748,0.019301622,0.000210968,2.22e-16,0.065694547,0.002690209,0.011299842,0.001630214,0.000183992,9.92e-05,0.000231049,0.009776966,2.22e-16,1.22e-05,0.000696458,0.001659192,2.22e-16,0.000464978,0.00499931,0.011959106,0.000123045,0.001430193,0.04229488,0.000467068,0.000117979,0.002248817,0.004288517,0.018303807,0.001169531,0.008391091,0.00846112532966885,0.005562842,0.014972367,0.00417155,0.041903838,7.68e-18
T>G,TTC,5.51e-05,7.04e-05,0.006282513,0.000173986,0.006558688,0.000287157,0.000116075,0.001549592,0.017401462,0.000114982,0.001139954,0.008619285,2.23e-16,0.005549922,0.001130148,2.22e-16,0.001200527,0.000294063,0.005508291,0.000116015,0.008749399,0.002101381,0.002019017,2.22e-16,0.000378982,0.000766716,0.002231236,0.002640972,0.001720232,0.03569568,9.93e-05,9.64e-05,0.002378749,0.00193933,0.019504057,0.000902638,0.00508066,0.0114015164016814,0.00642218,0.024623479,0.004311168,0.01550142,7.68e-18
T>G,TTG,0.000583103,9.54e-05,0.008053221,0.002319807,0.006938612,0.000324178,2.23e-16,0.001349644,0.007640642,0.000124981,0.003089875,0.010899095,2.16e-05,0.002759961,0.000875115,3.67e-05,0.00011405,0.000148032,0.005238375,0.000920116,0.004779672,0.001450953,0.002068993,0.002791278,0.000130994,0.005614984,0.006891149,0.003041119,0.002840384,0.013998305,0.000180026,0.000812856,0.005347187,0.004818334,0.030206283,0.001899238,0.007280947,0.00866115193320712,0.004188098,0.01385453,0.005720786,0.019401777,0.000917232
T>G,TTT,2.23e-16,2.23e-16,0.010504202,0.000567953,0.013497301,0.001010554,8.3e-05,0.001769534,0.021701824,0.000165975,0.00099596,0.063894697,0.018901469,0.090898726,0.00221029,1.89e-05,0.000605266,0.005991284,0.015795099,0.004580578,0.121991623,0.005163392,0.004227941,0.001510691,2.22e-16,0.000597597,0.00513089,0.003961458,0.009451277,0.47894203,0.000928136,0.008888422,0.007296162,0.003618749,0.029106054,0.00528788,0.010901417,0.0250033254422838,0.01492849,0.048920891,0.010719545,0.087908053,0.009002281
