Mutation type,Trinucleotide,SBS1,SBS2,SBS5,SBS7a,SBS7b,SBS7c,SBS7d,SBS13,SBS17a,SBS17b,SBS38,SBS40
C>A,ACA,0.000886157,5.8e-07,0.0119976,6.7e-05,0.002329386,0.004830406,4.04e-05,0.00181992,0.002070261,0.000607958,0.012794869,0.0282037510988962
C>A,ACC,0.002280405,0.000148004,0.009438112,0.000179116,0.000460879,0.001150097,0.000764883,0.000720968,0.000918116,0.000128991,0.010095952,0.0134017824370641
C>A,ACG,0.000177031,5.23e-05,0.00184963,7.12e-05,0.000185951,0.000377032,0.000249962,0.000263988,4.76e-05,5.82e-05,0.001899238,0.00292038841165875
C>A,ACT,0.001280227,9.78e-05,0.006608678,0.000248161,0.000709813,0.001960165,0.004049378,0.000347985,6.18e-05,0.000455969,0.008846453,0.014801968661832
C>A,CCA,0.000312055,0.000208006,0.007428514,0.000455295,0.0011397,0.000109009,0.014497773,0.001399938,0.000295037,0.000270981,0.380847281,0.0208027667679801
C>A,CCC,0.001790318,9.53e-05,0.006138772,0.000240156,0.001549592,0.00309026,0.003219506,0.000967957,0.001160146,4.11e-05,0.069472142,0.0147019553600629
C>A,CCG,9.32e-05,2.23e-16,0.003459308,2.23e-16,0.000407893,0.001910161,8.51e-05,4.33e-06,2.22e-16,2.23e-16,0.050979557,0.00254033786493604
C>A,CCT,2.23e-16,0.000421012,0.006488702,0.000372242,0.001489607,0.013501135,0.000116982,2.22e-16,0.000137017,0.000181988,0.183926246,0.0147019553600629
C>A,GCA,0.00158028,8.62e-05,0.01019796,4.06e-05,0.000745803,0.001050088,0.000167974,0.000948958,0.001780225,0.000997932,0.01199519,0.0142018888512172
C>A,GCC,0.00033906,2.23e-16,0.00764847,0.00013809,0.000214943,0.000742062,2.22e-16,0.00045098,0.001280162,2.78e-06,0.006277483,0.0102013567804518
C>A,GCG,0.000587104,1.39e-05,0.002339532,4.25e-05,7.29e-05,2.22e-16,1.82e-05,0.000163993,0.000106013,9.24e-05,0.001369451,0.00255033919511295
C>A,GCT,2.23e-16,5.12e-05,0.006818636,2.23e-16,0.000146961,0.000363031,7.4e-05,6.15e-05,4.7e-05,0.000533963,0.009086356,0.0108014365910666
C>A,TCA,6.58e-05,0.000639018,0.007858428,0.000390253,0.002899236,0.002520212,0.011398249,0.078996518,0.000190024,1.24e-05,0.017692905,0.0260034584599752
C>A,TCC,0.002530449,0.000170005,0.009168166,0.000636413,0.003519073,0.014201193,0.007758808,0.029398704,2.59e-05,2.23e-16,0.01149539,0.0210027933715184
C>A,TCG,2.23e-16,8.53e-05,0.00229954,3.44e-05,0.000299921,2.22e-16,2.22e-16,0.012099467,2.22e-16,9.51e-05,0.002379046,0.00317042166608159
C>A,TCT,5.88e-06,0.000440013,0.012697461,0.000613398,0.001409629,0.003730313,0.000190971,0.035498436,0.000288036,0.002569824,0.027788857,0.0241032057263616
C>G,ACA,0.00186033,2.23e-16,0.01009798,6.49e-05,8.56e-06,0.001120094,0.001179819,0.00386983,0.001010128,0.00014599,0.002688922,0.0122016228158345
C>G,ACC,0.001220217,0.000133004,0.00569886,2.16e-05,0.00018895,0.000319027,0.002549609,0.000950958,0.000569072,4.34e-05,0.001579367,0.00868115459356094
C>G,ACG,0.00011502,1.52e-05,0.001719656,5.08e-05,0.000504867,2.22e-16,0.000905861,0.000263988,0.000152019,2.23e-16,0.000635745,0.00225029928980554
C>G,ACT,0.001140202,9.12e-05,0.01009798,9.57e-05,0.000284925,0.001930162,0.002909553,0.003999824,1.96e-05,0.000318978,0.002439022,0.0146019420582938
C>G,CCA,2.41e-05,2.23e-16,0.006958608,2.23e-16,0.000457879,0.000206017,0.001319797,0.005609753,0.00055307,0.000193987,0.001689323,0.00756100561374663
C>G,CCC,7.68e-05,0.00035101,0.009068186,0.000131085,0.000959747,0.00226019,0.000285956,0.000647971,0.00023503,4.66e-05,0.001259495,0.00935124371541415
C>G,CCG,0.000352062,4.87e-05,0.002489502,7.76e-05,0.000790792,0.000262022,0.001319797,0.000487979,0.000232029,2.23e-16,0.000956616,0.00168022346972147
C>G,CCT,2.23e-16,6.36e-05,0.009528094,9.57e-05,0.000889766,0.004240356,2.22e-16,0.006399718,3.9e-05,0.000192987,0.001269491,0.0139018489459098
C>G,GCA,9.59e-06,6.54e-05,0.004679064,1.96e-05,5.11e-05,0.000182015,0.00019597,0.001499934,0.000878111,5.99e-05,0.001199519,0.00506067306951825
C>G,GCC,0.000164029,0.000261008,0.005078984,3.32e-05,0.000451881,0.00047304,2.22e-16,0.000478979,0.000835105,5.55e-05,0.001079567,0.00537071430500257
C>G,GCG,0.000166029,2.23e-16,0.001509698,4.51e-05,0.000336911,0.000180015,0.000544916,0.000240989,2.37e-05,2.23e-16,0.001019591,0.00119015829105271
C>G,GCT,2.23e-16,0.000134004,0.006718656,4.2e-05,0.000276927,0.001280108,0.000881865,0.002699881,0.000787099,2.23e-16,0.000916632,0.00698092846348564
C>G,TCA,2.23e-16,2.23e-16,0.007808438,2.23e-16,0.000253933,0.001940163,0.003739426,0.316986028,0.003750474,0.000159989,0.002658934,0.0125016627211419
C>G,TCC,0.000203036,9.87e-05,0.00759848,5.09e-05,0.001619573,0.004610387,0.00058791,0.063497202,0.000723091,6.18e-05,0.002179126,0.0141018755494481
C>G,TCG,6.94e-05,4.12e-05,0.001709658,6.35e-06,0.000363904,8.75e-06,0.000872866,0.013799391,0.000380048,1.55e-05,0.001099559,0.00174023145078295
C>G,TCT,0.001560277,0.001180034,0.0124975,0.000281182,0.000713812,0.012301034,8.53e-05,0.368983736,0.000283036,0.001499897,0.003948417,0.0237031525192851
C>T,ACA,0.025004441,6.11e-05,0.032593481,0.000122079,0.001409629,0.001330112,0.003329489,0.007179684,0.001220154,0.000570961,0.003448617,0.0197026204485197
C>T,ACC,0.006321123,0.00138004,0.017896421,0.017711498,0.038089959,0.007680645,0.001399785,2.22e-16,0.001710216,7.03e-05,0.002149138,0.0121016095140654
C>T,ACG,0.36506483,3.27e-05,0.006178764,2.23e-16,0.000542857,0.000927078,0.001209814,0.000302987,3.95e-05,0.00028698,0.005177924,0.000267035515723591
C>T,ACT,0.009581702,0.001860054,0.021995601,0.007424819,0.010797154,0.007480629,0.032894947,0.000317986,0.000737093,0.00014699,0.002439022,0.0169022479989839
C>T,CCA,0.002000355,0.004320125,0.019396121,0.050032478,0.106971801,0.002710228,0.035594532,1.93e-05,0.000821104,0.000456969,0.0042383,0.0196026071467505
C>T,CCC,0.000270048,0.000170005,0.018996201,0.05533592,0.181952034,0.005970502,0.002599601,0.001349941,0.001720217,5.89e-05,0.004728104,0.0173023012060604
C>T,CCG,0.196034813,0.00277008,0.017496501,0.006714358,0.022094175,0.008940751,0.002639595,0.001989912,0.00190024,0.000542963,0.003498597,0.00236031392175159
C>T,CCT,0.000196035,0.001450042,0.023095381,0.056636764,0.125966794,0.020601731,0.000137979,0.001449936,0.00174022,0.000135991,0.004098357,0.0216028731821332
C>T,GCA,0.004440789,2.23e-16,0.019396121,8.5e-05,0.000854775,0.000157013,0.000364944,0.007179684,0.001640207,6.11e-05,0.00236905,0.0143019021529863
C>T,GCC,9.28e-05,1.29e-07,0.021595681,0.011707599,0.026293069,9.51e-06,0.000180972,0.000920959,2.22e-16,0.000156989,0.002958814,0.0116015430052197
C>T,GCG,0.218038721,2.23e-16,0.01229754,5.52e-06,0.000175954,3.43e-05,0.000156976,0.000177992,0.001610203,0.000854941,0.004478204,3.93052275952702e-18
C>T,GCT,3.84e-05,5.04e-05,0.018596281,0.016110458,0.00538858,0.000758064,0.042093534,0.001269944,6.6e-05,2.23e-16,0.003198717,0.0127016893246802
C>T,TCA,0.001110197,0.53601551,0.020295941,0.238154593,0.006608258,0.017301454,0.000206968,0.006929695,0.000532067,0.000107993,0.006447415,0.0300039905307406
C>T,TCC,3.73e-05,0.097302815,0.022995401,0.331215001,0.210944392,0.013701151,0.005649132,0.004479803,9.06e-05,0.000603959,0.007227102,0.0231030727086703
C>T,TCG,0.110019538,0.044201279,0.015896821,0.074148132,0.057384873,4.64e-05,0.001749731,0.001189948,0.000177022,6.24e-05,0.003468609,0.00212028199750567
C>T,TCT,2.23e-16,0.300008682,0.020995801,0.107069502,0.101973118,0.002320195,0.04999232,0.001419937,0.000348044,0.000894939,0.006577362,0.0224029795962863
T>A,ATA,0.000800142,9.59e-05,0.007378524,0.00194126,0.002489344,0.012401042,8.89e-05,2.22e-16,0.001010128,6.26e-05,0.001989202,0.00610081140791725
T>A,ATC,0.002230396,0.000878025,0.006928614,0.000670435,0.000466877,0.003420287,0.001079834,6.52e-05,0.000997126,0.00028898,0.001939222,0.00444059059854961
T>A,ATG,0.001140202,2.55e-05,0.009118176,0.000587381,0.001559589,0.000211018,0.003699432,0.000589974,0.000200025,6.57e-05,0.001079567,0.00693092181260108
T>A,ATT,0.000183032,2.23e-16,0.00619876,0.00371241,0.008287815,0.050704262,0.041093687,0.000605973,0.001460184,0.000632957,0.00271891,0.0107014232892975
T>A,CTA,4.3e-05,0.000243007,0.003539292,0.000177115,0.001119705,0.003470292,0.001609753,0.000208991,0.000434055,9.36e-05,0.00089664,0.00109014498928357
T>A,CTC,0.00039307,0.000244007,0.005188962,0.000261169,0.000957748,0.013401126,8.13e-05,0.000341985,0.040505117,0.002239846,0.00201919,0.00762101359480811
T>A,CTG,0.000324057,0.000149004,0.005008998,0.000112073,0.000882767,0.000961081,0.001199816,0.00022599,0.012401567,0.000716951,0.001779287,0.00346046024121208
T>A,CTT,0.000260046,2.23e-16,0.00429914,0.000371241,0.00011197,0.048704094,0.001149824,0.000522977,0.072309136,0.007789465,0.002359054,0.00928123440417576
T>A,GTA,8.12e-05,2.23e-16,0.003669266,0.00040126,0.000525861,0.001730145,2.37e-05,6.7e-06,6.46e-05,9.73e-05,0.000892642,0.00265035249688209
T>A,GTC,0.000129023,0.000131004,0.002909418,0.000224145,0.000255933,0.002270191,0.000111983,0.000129994,0.003400429,0.000346976,0.001119551,0.00343045625068134
T>A,GTG,0.000246044,6.38e-05,0.004109178,0.000290188,0.000655827,2.22e-16,0.001349793,4.7e-05,0.000695088,0.000240983,0.001209515,0.00441058660801887
T>A,GTT,0.000258046,6.28e-05,0.003219356,0.000306199,5.59e-05,0.020301706,0.008758655,0.000357984,0.004800606,0.001579892,0.001839262,0.00577076751207911
T>A,TTA,0.006721194,0.000422012,0.006308738,0.000356231,0.003239146,0.015401294,0.016697435,0.000295987,0.000119015,0.001189918,0.002439022,0.00713094841613935
T>A,TTC,2.23e-16,0.000192006,0.004139172,0.000389253,0.00223941,0.034202874,0.001229811,0.00023199,0.00570072,0.000241983,0.000927628,0.0103013700822209
T>A,TTG,2.8e-05,5.01e-05,0.004789042,2.23e-16,0.001699552,0.012201025,0.00559914,0.000187992,0.001830231,2.23e-16,0.000803678,0.00502066774881059
T>A,TTT,0.002250399,0.000205006,0.00874825,0.000798518,2.22e-16,0.279023452,0.027295807,6.2e-05,0.00198025,0.00130991,0.002498998,0.0210027933715184
T>C,ATA,0.001090193,6.17e-05,0.046190762,0.000490318,0.001019731,0.000288024,0.00435933,0.001909916,9.65e-05,9.73e-05,0.002788882,0.0187024874308283
T>C,ATC,0.003040539,2.15e-05,0.013397321,0.000227147,0.00045588,0.000533045,0.003929397,0.000141994,0.012701605,0.000251983,0.001639343,0.00734097634985453
T>C,ATG,0.000106019,1.32e-05,0.038192362,0.000187121,0.001499605,0.00107009,0.009188589,0.000427981,0.000376047,2.23e-16,0.00216913,0.015502061774216
T>C,ATT,0.00574102,0.000155004,0.038292342,0.000615399,0.002149434,0.002650223,0.050992167,0.000958958,0.007790985,0.000543963,0.003488601,0.0194025805432123
T>C,CTA,2.23e-16,0.000302009,0.013297341,0.000451293,0.001529597,0.007570636,0.010198434,4.74e-05,0.011101403,0.000646956,0.001949218,0.0109014498928357
T>C,CTC,0.002500444,2.85e-05,0.01039792,0.000259168,0.000839779,0.003580301,8.89e-05,0.000121995,0.173021859,0.006459556,0.00231907,0.00987131288461365
T>C,CTG,0.000360064,2.23e-16,0.020795841,0.000104068,0.000729808,0.002170182,0.000934856,2.22e-16,0.087311031,0.003919731,0.002538982,0.0105013966857592
T>C,CTT,4.26e-05,0.000186005,0.014897021,0.001821182,0.00572849,0.043103622,0.039693902,0.000111995,0.426053827,0.018298743,0.004268288,0.0136018090406024
T>C,GTA,0.001050186,2.23e-16,0.014097181,0.000101066,0.00026593,2.22e-16,0.000799877,0.000286987,0.000123016,5.95e-05,0.001699319,0.00601079943632503
T>C,GTC,0.001900337,2.74e-05,0.007938412,7.41e-05,2.22e-16,0.000423036,0.002319644,0.000181992,0.014901883,0.001499897,0.002159134,0.0045806092210264
T>C,GTG,0.001170208,0.000107003,0.014997001,7.25e-05,0.000528861,0.000232019,0.002569606,0.000194991,0.003570451,0.001009931,0.00186925,0.00565075154995614
T>C,GTT,7.13e-05,1.25e-05,0.013697261,0.000811527,0.006848194,0.007070594,0.317951156,2.22e-16,0.005240662,0.001469899,0.003048777,0.00731097235932379
T>C,TTA,0.000255045,2.23e-16,0.017996401,0.002151396,0.005998419,0.030202538,0.081187528,2.21e-05,0.002090264,0.001059927,0.002109154,0.0102013567804518
T>C,TTC,0.003390603,4.35e-05,0.009708058,0.000596387,0.001729544,0.020901757,0.014297803,2.49e-05,0.015301933,0.001099925,0.002189122,0.00755100428356972
T>C,TTG,0.000416074,0.000117003,0.012697461,0.000319207,0.003808996,0.012901084,0.022796498,9.98e-05,0.002350297,0.001209917,0.00191923,0.00601079943632503
T>C,TTT,0.004330769,3.58e-05,0.018496301,0.000812527,0.002969217,0.088107406,0.04309338,0.000530977,0.021002654,0.000999931,0.003058773,0.0102013567804518
T>G,ATA,0.000172031,0.000238007,0.003859228,0.000473307,8.44e-05,0.011901,0.003699432,6.14e-05,0.000851107,0.001409903,0.001149539,0.00723096171790848
T>G,ATC,0.000207037,7.46e-05,0.00259948,0.00024716,0.000931754,0.001050088,0.002659592,2.22e-16,0.000700088,0.004479693,0.001069571,0.00705093777472404
T>G,ATG,0.000268048,2.05e-06,0.007938412,0.000276179,0.001469613,0.000604051,0.010598372,8.25e-05,0.000719091,0.000989932,0.00206917,0.00806107212259231
T>G,ATT,0.00011202,3.76e-06,0.004829034,0.000309201,0.000732807,2.22e-16,0.014297803,0.000319986,0.012501579,0.069095255,0.002858854,0.0180023943184444
T>G,CTA,3.55e-05,0.000153004,0.002589482,8.43e-05,0.000358905,0.003280276,0.001479773,4.14e-05,0.000310039,0.002049859,0.000982606,0.00335044560926603
T>G,CTC,0.000212038,0.000155004,0.004609078,0.000172112,0.000791791,0.005580469,4.98e-05,2.82e-06,0.001040131,0.031397844,0.001409435,0.00567075421030997
T>G,CTG,0.000128023,0.000121003,0.006128774,2.23e-16,0.00128966,0.0011901,2.58e-05,2.22e-16,1.94e-06,0.01369906,0.001589363,0.00559074356889466
T>G,CTT,0.00017103,0.000203006,0.00729854,2.65e-05,3.68e-06,0.003400286,0.000155976,5.55e-05,0.005310671,0.549962233,0.006877242,0.0131017425317567
T>G,GTA,2.23e-16,0.000209006,0.002519496,9.07e-05,0.000322915,0.002480208,7.48e-05,8.77e-05,0.000495063,0.000280981,0.000503798,0.00249033121405147
T>G,GTC,2.23e-16,0.000133004,0.001709658,0.000121079,0.000320915,0.00166014,2.23e-05,2.22e-16,0.000204026,0.00624957,0.000938624,0.00224029795962863
T>G,GTG,0.000348062,3.71e-05,0.00529894,0.000325211,0.002409365,0.006030507,0.003799417,0.000425981,0.000835105,0.001479899,0.002159134,0.00445059192872652
T>G,GTT,1.46e-05,2.23e-16,0.00234953,0.000835542,0.001829518,0.006750567,0.006838949,2.89e-06,0.007240915,0.113992172,0.003338661,0.00548072893694861
T>G,TTA,2.23e-16,1.67e-05,0.005218956,0.000128083,0.000954748,0.019301622,0.000210968,0.000183992,2.22e-16,1.22e-05,0.001169531,0.00846112532966885
T>G,TTC,5.51e-05,7.04e-05,0.006558688,0.000116075,0.001549592,0.017401462,0.000114982,2.22e-16,0.000116015,0.008749399,0.000902638,0.0114015164016814
T>G,TTG,0.000583103,9.54e-05,0.006938612,2.23e-16,0.001349644,0.007640642,0.000124981,3.67e-05,0.000920116,0.004779672,0.001899238,0.00866115193320712
T>G,TTT,2.23e-16,2.23e-16,0.013497301,8.3e-05,0.001769534,0.021701824,0.000165975,1.89e-05,0.004580578,0.121991623,0.00528788,0.0250033254422838
