Mutation Type,0,1,2,3,4,5,6,7,8,9,10,11,12,13,14,15,16,17,18,19,20,21,22,23,24,25,26,27,28,29,30,31,32,33,34,35,36,37,38,39,40,41,42,43,44,45,46,47,48,49,50,51,52,53,54,55,56,57,58,59,60,61,62,63,64,65,66,67,68,69,70,71,72,73,74,75,76,77,78,79,80,81,82,83,84,85,86,87,88,89,90,91,92,93,94,95,96,97,98,99
DEL_C_1_0,77,82,85,103,106,81,73,89,89,95,82,79,84,95,84,95,66,87,86,102,92,84,107,90,78,90,79,79,81,80,102,91,81,98,87,81,75,87,102,87,91,94,80,91,106,73,81,106,113,86,81,78,100,79,78,114,79,79,98,114,82,83,82,90,68,89,73,80,77,77,101,85,83,94,65,87,95,85,78,71,88,79,103,88,117,75,102,99,102,103,96,83,88,69,86,88,99,95,87,91
DEL_C_1_1,56,62,70,86,85,59,44,79,88,75,58,74,77,74,59,84,52,77,77,79,65,52,92,100,49,79,65,70,58,52,83,63,67,84,77,68,65,65,82,72,78,71,48,66,82,62,66,85,97,59,75,45,68,49,50,99,60,82,80,95,70,89,61,83,55,69,63,68,56,77,87,71,70,87,54,79,75,74,48,71,81,64,92,67,94,49,85,76,77,87,84,71,56,52,81,58,74,70,63,66
DEL_C_1_2,65,69,67,87,94,67,58,76,77,83,69,64,69,82,68,78,54,73,71,86,75,72,91,76,65,74,67,65,66,65,89,77,65,82,72,68,65,72,84,75,75,81,66,75,91,63,66,89,99,74,68,65,84,65,65,99,65,67,83,99,69,68,69,76,58,77,62,66,64,63,88,70,69,78,50,71,81,71,63,60,72,68,91,75,103,62,87,84,88,88,82,70,74,54,74,73,83,81,72,75
DEL_C_1_3,105,109,131,138,127,114,111,117,120,116,110,118,132,119,124,135,98,128,117,133,125,102,145,134,99,131,106,108,117,111,120,114,119,135,122,107,98,126,147,118,129,118,112,115,135,107,117,141,134,101,123,98,130,111,109,149,107,117,121,140,123,132,112,128,103,114,94,110,113,121,130,114,120,136,105,131,126,119,106,113,131,103,133,112,139,102,135,124,125,136,117,109,108,114,113,119,131,123,118,128
DEL_C_1_4,56,54,54,73,88,53,47,69,72,75,57,57,69,68,58,63,49,70,51,73,53,54,84,76,49,64,64,49,58,49,74,61,50,69,58,58,63,64,72,69,63,74,57,52,81,68,54,74,84,56,69,46,66,53,60,91,50,72,63,85,74,71,60,71,65,71,47,48,61,59,82,50,62,71,40,65,69,65,48,68,61,60,97,63,90,53,76,67,77,81,59,56,56,47,69,56,68,70,63,63
DEL_C_1_5+,99,105,118,136,138,105,92,121,125,121,103,112,121,120,110,130,90,122,117,133,116,99,149,139,93,126,105,107,106,100,133,111,111,132,119,107,101,117,138,117,124,123,98,113,139,104,109,138,146,105,117,91,123,99,98,155,102,117,125,151,116,127,106,126,94,114,98,107,101,114,134,113,114,132,92,125,127,116,95,107,125,106,142,112,150,94,139,126,129,140,126,111,106,96,118,110,128,122,112,118
DEL_T_1_0,99,101,106,129,129,101,98,110,117,122,105,102,121,118,112,115,88,121,97,121,106,101,126,113,94,111,105,91,107,98,110,111,98,123,106,101,99,109,130,115,114,108,109,101,126,104,102,133,135,96,115,92,124,100,107,143,95,115,113,127,120,119,108,122,107,120,79,91,110,104,135,95,111,123,81,109,108,112,94,112,111,93,141,111,141,96,118,116,126,125,102,97,100,95,112,106,119,116,109,116
DEL_T_1_1,116,121,137,158,155,122,112,138,146,141,122,131,147,139,131,149,107,146,129,151,132,114,167,158,107,144,124,120,126,116,143,128,127,152,136,124,118,136,161,137,144,137,120,125,156,124,127,160,164,115,141,105,143,117,119,177,117,141,140,165,141,152,125,149,119,135,107,120,125,135,158,125,135,155,107,145,141,136,111,132,144,119,166,129,169,110,154,142,148,159,136,124,119,116,137,127,146,140,131,139
DEL_T_1_2,100,101,114,129,128,104,101,111,116,118,105,106,124,116,115,120,91,122,101,125,110,99,135,121,93,117,104,95,110,101,113,109,104,125,110,101,98,115,134,114,117,113,109,103,130,106,105,132,131,96,117,92,123,103,107,144,97,114,112,132,121,122,108,122,105,115,83,96,110,108,131,99,112,126,89,117,115,113,97,111,116,97,138,109,138,97,125,117,124,129,104,99,102,101,110,110,122,118,111,119
DEL_T_1_3,77,81,85,106,104,80,70,91,99,99,82,84,93,97,84,97,67,95,85,98,86,80,102,96,73,90,83,79,81,76,94,89,80,101,89,83,79,83,102,91,94,86,79,85,101,78,82,108,116,79,89,72,97,74,77,116,77,92,97,107,89,96,84,98,77,94,70,78,81,85,110,83,88,100,64,87,88,90,72,85,92,75,111,89,117,72,96,96,101,101,92,82,79,70,93,83,95,92,85,90
DEL_T_1_4,104,106,111,129,142,107,104,113,106,121,108,99,110,119,116,119,90,112,104,136,120,111,149,114,103,119,103,96,111,107,135,117,104,123,109,101,97,124,136,114,115,134,112,114,145,104,105,133,137,113,107,105,132,113,110,149,101,97,118,152,113,103,108,113,95,114,92,99,105,97,125,105,108,117,86,117,132,107,107,92,111,108,136,112,149,104,140,127,133,138,115,104,120,97,103,121,132,129,118,123
DEL_T_1_5+,52,45,49,58,82,47,51,59,54,62,50,48,65,53,57,50,49,62,36,68,44,44,87,70,42,60,57,36,57,46,67,50,43,56,46,46,56,67,67,62,52,77,57,39,80,71,47,60,62,48,65,41,56,56,62,81,42,60,45,80,75,62,53,60,66,59,38,36,60,51,65,36,54,59,38,65,70,54,46,64,51,59,90,51,75,52,76,56,68,78,41,45,52,50,53,54,61,67,60,59
INS_C_1_0,80,86,97,109,102,87,78,92,96,93,84,89,94,96,90,106,71,95,96,104,98,83,111,101,78,99,81,87,85,84,101,91,91,105,96,85,76,92,111,90,100,92,81,95,106,76,89,111,113,84,89,78,102,82,78,117,84,87,101,114,86,96,85,97,70,89,78,89,80,89,103,93,90,103,76,97,98,91,80,79,100,81,101,89,115,76,106,101,100,106,101,88,87,79,90,91,103,96,89,96
INS_C_1_1,89,92,97,117,128,91,83,105,103,109,93,91,101,106,97,108,78,103,95,119,101,92,133,112,85,106,93,88,94,89,121,101,92,111,99,91,89,105,119,103,104,116,91,98,127,93,92,119,127,97,99,85,111,92,91,136,88,95,107,137,102,101,94,105,84,102,84,89,90,91,116,94,97,109,75,105,115,98,87,88,102,96,127,99,135,86,124,112,118,125,106,94,99,81,99,100,114,112,101,105
INS_C_1_2,99,102,128,130,110,109,109,107,113,106,104,114,128,110,121,128,94,123,110,121,118,95,130,123,93,123,98,102,112,106,102,106,115,128,116,101,90,117,140,109,123,102,108,107,120,99,113,132,120,90,118,92,122,105,103,135,101,112,111,121,117,129,106,122,99,106,85,104,110,117,121,107,115,130,104,124,112,113,100,111,126,92,119,104,122,96,120,113,112,122,105,101,98,113,105,112,121,112,110,121
INS_C_1_3,72,72,91,95,99,75,72,88,89,82,72,86,96,80,83,94,70,92,81,97,80,63,118,113,61,97,77,75,80,71,94,74,82,94,85,74,74,93,104,85,90,95,72,73,104,85,81,96,96,69,93,59,84,75,74,114,71,90,81,111,94,102,75,93,76,78,69,75,78,90,92,77,84,98,73,101,98,85,68,87,94,80,107,75,101,68,107,86,89,106,83,78,72,78,83,79,92,89,83,87
INS_C_1_4,51,55,50,71,78,52,43,62,64,71,55,50,54,68,52,61,42,59,56,68,58,59,70,58,52,57,55,51,51,50,72,63,49,65,57,56,54,54,65,61,59,63,52,60,72,49,51,72,84,60,54,52,68,49,51,80,51,56,69,79,55,54,56,62,47,65,49,51,50,49,75,55,55,62,36,53,62,58,49,48,56,53,77,62,86,49,67,68,73,70,66,56,59,39,62,56,66,65,57,59
INS_C_1_5+,109,108,128,137,140,113,115,120,120,122,112,116,135,120,127,130,102,131,109,138,121,104,157,137,100,132,111,102,122,111,127,116,115,134,119,107,105,133,149,123,127,131,118,110,146,120,116,140,135,104,129,99,132,117,117,157,105,120,117,149,134,133,115,130,114,119,92,104,120,119,134,107,121,136,102,135,133,120,107,120,128,110,148,114,146,107,143,125,132,145,111,108,112,115,114,122,134,130,123,131
INS_T_1_0,85,90,121,114,92,97,95,95,99,85,88,105,112,93,105,120,83,106,107,109,109,78,122,120,79,115,82,97,97,93,95,90,109,115,108,89,76,106,127,93,112,92,88,98,107,84,103,115,103,79,103,78,104,91,83,119,91,96,100,112,98,117,89,107,78,84,82,100,90,109,99,102,101,117,100,117,105,99,88,93,118,84,96,88,103,81,113,100,94,110,102,93,86,102,91,99,108,97,96,107
INS_T_1_1,71,75,78,98,104,72,61,88,92,92,74,77,84,89,75,90,62,86,81,95,80,73,105,97,67,86,77,75,73,68,98,81,74,94,83,78,75,80,95,85,87,89,69,80,100,74,75,100,111,77,82,65,89,68,70,113,71,85,92,110,82,88,76,90,68,86,70,74,71,78,101,78,80,93,59,85,90,83,66,76,85,76,107,82,114,66,98,92,96,101,91,79,76,61,88,77,91,88,79,82
INS_T_1_2,52,52,63,68,68,55,54,60,61,59,53,58,67,58,60,65,49,64,55,68,58,49,78,71,47,66,54,51,58,53,63,55,57,66,59,53,51,64,73,60,63,64,55,54,71,58,57,69,67,50,64,46,63,55,55,78,51,61,58,74,65,68,55,65,54,57,46,52,57,60,66,54,59,68,50,67,65,59,50,60,64,54,73,55,71,50,71,61,64,72,57,54,53,55,57,58,65,63,59,63
INS_T_1_3,99,105,107,133,133,104,94,113,117,124,106,102,113,123,110,120,86,116,106,126,114,107,129,112,98,113,103,98,105,101,121,115,102,126,111,104,97,109,130,114,117,113,105,111,130,97,103,136,143,105,108,98,128,100,102,145,99,108,122,136,110,112,108,119,95,118,88,99,104,101,135,105,109,122,82,109,114,111,97,100,113,97,135,114,148,96,123,123,129,128,115,103,108,90,112,110,124,119,110,117
INS_T_1_4,90,91,108,119,112,95,92,102,109,104,94,102,118,103,105,113,84,114,95,112,100,85,123,119,81,110,95,89,100,90,99,96,98,116,103,93,89,105,125,104,110,99,96,92,115,98,99,121,118,82,111,79,109,91,94,131,89,110,101,117,113,121,97,115,97,103,77,90,101,106,119,92,105,120,86,112,103,105,85,108,112,87,125,97,121,86,113,104,109,117,95,92,87,95,103,97,109,104,100,108
INS_T_1_5+,104,109,127,139,136,111,104,121,122,119,108,116,126,121,119,135,95,124,120,137,124,103,153,138,98,131,106,110,113,108,132,115,118,135,123,108,100,125,145,118,128,127,107,118,142,106,115,141,142,107,120,98,129,109,105,155,107,114,125,152,119,128,110,127,97,114,100,112,107,118,131,117,117,134,101,131,133,118,104,107,130,109,137,113,147,100,143,128,129,142,126,112,112,106,115,119,133,126,118,125
DEL_repeats_2_0,33,36,36,46,43,35,30,39,42,43,36,35,38,43,36,42,28,40,38,41,39,36,41,38,33,38,35,35,34,33,40,39,35,44,39,36,33,34,43,38,40,35,34,39,42,30,35,47,51,35,36,32,43,31,32,49,34,38,44,45,36,39,36,42,31,41,30,35,34,35,47,37,37,43,27,35,36,39,32,34,39,31,45,39,51,31,39,42,43,42,41,36,35,29,40,36,41,39,36,38
DEL_repeats_2_1,109,112,129,141,143,116,112,123,120,124,113,116,127,124,125,135,99,126,119,143,129,110,160,137,104,134,109,109,119,113,138,120,119,136,123,110,103,133,150,122,130,136,115,120,150,112,117,144,143,113,122,104,136,117,113,159,109,113,126,158,124,126,114,127,102,118,101,112,113,116,133,117,120,135,102,134,139,119,111,108,130,114,143,117,152,107,149,133,136,148,125,114,120,111,114,126,139,133,124,131
DEL_repeats_2_2,125,128,149,162,152,133,132,136,141,142,131,135,153,143,147,154,115,150,132,156,144,124,167,149,119,149,126,122,138,130,139,137,135,157,140,126,117,146,171,140,149,139,136,133,159,127,135,166,159,120,144,118,156,132,132,175,125,137,141,162,146,151,134,150,126,139,106,125,136,137,157,129,140,157,118,148,144,140,125,134,149,120,161,135,166,122,155,146,150,159,133,125,129,131,133,141,154,146,140,150
DEL_repeats_2_3,44,42,51,57,70,43,40,57,56,53,43,50,59,49,48,54,43,57,45,62,44,37,80,74,35,59,49,42,48,40,64,44,46,56,50,45,49,58,62,55,53,66,42,41,69,58,46,57,61,43,59,33,49,45,46,75,41,58,48,75,62,63,46,58,50,50,42,42,48,54,59,43,51,59,40,63,64,52,38,56,54,53,76,46,68,42,71,53,58,71,49,47,44,44,53,46,56,57,51,52
DEL_repeats_2_4,54,59,62,77,74,57,48,66,71,69,58,60,64,69,58,72,47,66,65,71,64,57,74,70,53,66,57,60,56,54,70,63,60,73,66,60,55,59,73,64,68,62,53,64,72,52,59,78,84,59,61,52,70,52,52,83,56,64,72,79,59,67,59,69,49,65,53,59,54,61,76,63,62,72,47,63,64,64,52,56,67,54,75,64,84,50,71,70,71,73,71,61,58,49,67,59,69,65,60,64
DEL_repeats_2_5+,114,113,138,152,148,118,115,135,145,135,117,134,159,129,133,144,110,152,118,144,120,101,166,166,97,145,125,112,129,111,128,118,124,149,131,119,118,137,160,137,141,131,120,109,150,135,125,153,150,100,151,93,134,114,122,174,110,151,125,153,154,165,124,152,133,133,96,111,132,142,155,113,136,157,110,149,134,138,104,150,145,115,172,122,156,108,149,129,139,156,118,116,106,123,136,120,138,134,128,136
DEL_repeats_3_0,85,89,106,114,106,92,87,98,102,97,89,98,107,98,99,112,79,105,98,110,101,83,121,114,79,108,87,90,94,88,102,93,97,112,101,89,82,102,120,97,106,98,89,94,112,88,96,116,114,83,101,78,105,88,86,125,87,98,101,118,100,110,91,106,83,94,79,91,90,100,108,95,98,113,85,108,104,98,84,93,108,86,112,92,117,81,113,103,103,114,100,91,88,90,95,96,107,101,96,103
DEL_repeats_3_1,87,88,103,113,107,92,90,96,102,100,91,96,111,99,102,107,81,108,90,107,97,84,116,108,80,104,90,84,97,89,95,94,94,110,98,88,84,101,119,99,104,95,94,90,110,92,94,116,112,81,104,79,107,90,92,124,86,101,97,111,106,111,94,108,92,99,73,85,97,99,112,88,99,112,82,105,99,99,84,100,105,83,117,94,116,84,107,100,105,111,91,87,86,92,96,95,106,101,97,104
DEL_repeats_3_2,79,82,96,106,94,84,81,88,95,91,83,90,102,92,92,101,73,99,86,97,91,77,103,99,74,96,82,80,87,81,85,86,88,103,92,83,76,90,109,90,98,82,84,84,98,81,87,107,104,73,95,72,98,80,81,112,80,94,92,99,94,103,86,100,81,90,68,81,87,92,104,84,92,105,76,95,88,92,77,91,98,74,104,87,106,75,95,92,94,99,86,81,78,83,90,86,96,90,87,95
DEL_repeats_3_3,115,120,130,158,152,120,108,135,147,144,122,127,145,142,128,145,103,145,125,145,128,116,153,147,108,136,124,116,123,114,135,130,121,151,133,124,118,127,155,136,141,127,120,124,149,120,123,160,167,113,138,105,144,112,118,173,115,142,140,155,138,149,126,148,120,140,101,116,125,131,162,121,133,152,100,134,130,136,107,133,140,111,166,132,169,108,143,140,147,151,132,121,115,110,139,123,141,136,127,135
DEL_repeats_3_4,77,75,93,97,102,79,79,88,88,85,77,85,98,83,89,94,73,94,79,100,84,69,120,108,67,98,79,74,86,77,95,79,83,96,86,76,76,97,108,88,92,98,80,76,107,89,83,99,96,72,95,66,90,82,81,115,74,89,82,112,97,100,80,94,81,82,68,75,84,89,94,77,87,99,75,102,100,86,74,88,94,82,109,79,104,75,108,89,93,108,81,78,78,83,82,85,96,93,88,92
DEL_repeats_3_5+,63,64,69,87,93,63,55,79,86,83,65,71,82,78,67,79,57,82,68,82,65,60,94,92,55,78,71,64,67,58,82,69,65,84,73,69,70,72,85,78,77,77,62,64,88,73,67,88,97,62,80,53,76,59,64,103,61,84,77,94,81,87,69,85,70,79,58,62,68,75,93,65,74,86,53,78,77,77,55,79,77,66,103,72,99,58,86,78,85,90,74,68,62,57,81,65,78,77,70,73
DEL_repeats_4_0,62,65,69,84,86,65,57,74,77,78,65,67,73,77,68,78,55,75,69,81,71,64,87,79,60,74,66,64,65,62,80,71,65,80,72,66,63,70,83,73,75,74,63,70,85,63,66,86,92,66,71,59,78,62,63,95,63,71,78,91,71,75,67,77,60,73,58,64,64,67,85,67,70,79,53,73,76,71,60,65,74,64,88,71,94,59,82,78,82,84,76,67,67,57,73,68,79,76,69,73
DEL_repeats_4_1,35,39,34,49,47,37,30,39,42,47,39,33,34,48,36,42,27,38,40,44,43,43,39,31,38,36,36,36,34,36,44,45,35,45,40,39,34,33,43,39,41,36,36,45,44,27,35,50,57,42,33,39,49,33,34,50,37,34,49,47,32,33,39,40,28,44,32,37,33,31,50,40,37,41,25,31,37,39,35,29,38,32,44,44,57,33,39,47,48,42,46,38,41,26,41,39,44,42,38,40
DEL_repeats_4_2,58,62,57,78,82,59,52,67,70,78,63,56,63,75,62,67,48,67,60,73,65,66,72,61,59,62,62,55,59,58,72,70,55,73,63,62,59,60,73,68,66,66,62,65,77,56,58,81,90,64,61,59,76,57,60,86,57,63,74,80,63,62,64,69,56,74,50,55,60,55,84,60,63,70,41,58,64,65,56,57,62,56,83,70,92,56,70,74,79,74,68,60,64,47,68,63,72,70,64,67
DEL_repeats_4_3,81,85,105,115,110,86,77,103,113,98,83,103,115,97,93,113,79,110,98,108,91,72,126,132,70,110,90,90,90,79,102,86,95,113,103,90,87,99,118,100,108,97,79,86,112,94,94,115,118,76,109,65,96,79,80,131,83,112,100,121,107,125,88,114,88,95,79,89,89,109,114,92,100,119,83,113,103,102,73,106,112,87,124,90,118,74,114,99,102,118,100,92,77,86,104,86,103,98,92,98
DEL_repeats_4_4,149,154,172,198,193,156,148,170,178,178,156,162,184,176,170,185,135,182,159,189,168,148,204,187,140,179,156,148,162,151,175,165,159,191,169,155,147,171,203,172,179,170,158,159,195,155,160,201,204,147,175,138,185,151,155,219,148,172,175,202,177,186,160,185,152,172,131,149,161,166,198,156,169,192,135,178,175,171,144,165,179,147,205,165,211,143,190,178,186,196,166,154,153,148,169,164,184,177,166,177
DEL_repeats_4_5+,56,55,61,73,83,55,51,68,70,70,56,61,72,65,61,67,52,70,56,74,57,51,87,81,48,69,62,53,60,52,73,59,56,70,62,58,60,67,75,68,66,73,57,54,81,67,58,74,79,55,70,46,65,55,59,90,52,71,63,85,73,74,59,72,62,66,50,52,61,63,77,54,63,73,47,71,72,65,50,68,66,61,91,61,85,53,79,67,74,81,61,58,56,53,67,59,69,70,63,65
DEL_repeats_5+_0,99,104,115,136,126,105,96,114,125,122,106,111,125,121,112,126,89,125,109,123,112,100,127,123,94,117,105,101,107,100,112,112,107,130,116,107,99,108,134,116,122,104,104,108,124,100,108,138,141,97,118,92,125,97,101,145,100,120,121,129,117,128,109,127,102,119,87,101,108,113,138,106,115,131,89,115,109,117,94,113,121,93,137,113,142,93,120,120,124,126,113,104,99,97,118,107,121,115,109,117
DEL_repeats_5+_1,75,79,87,100,98,79,72,86,89,90,79,81,88,90,84,95,66,89,84,97,88,77,103,93,72,90,77,78,80,77,93,85,81,97,87,79,73,85,102,85,91,87,77,85,99,74,81,102,106,78,84,72,95,76,75,110,76,83,92,106,84,89,80,91,70,85,70,78,77,81,98,82,84,95,68,88,90,85,74,76,90,75,100,84,109,71,98,93,95,99,90,80,80,72,85,84,95,90,83,89
DEL_repeats_5+_2,125,128,149,162,152,133,132,136,141,142,131,135,153,143,147,154,115,150,132,156,144,124,167,149,119,149,126,122,138,130,139,137,135,157,140,126,117,146,171,140,149,139,136,133,159,127,135,166,159,120,144,118,156,132,132,175,125,137,141,162,146,151,134,150,126,139,106,125,136,137,157,129,140,157,118,148,144,140,125,134,149,120,161,135,166,122,155,146,150,159,133,125,129,131,133,141,154,146,140,150
DEL_repeats_5+_3,62,65,55,81,94,61,52,71,70,84,67,54,59,81,62,68,48,66,62,81,69,73,81,60,64,63,65,57,61,61,86,76,55,74,64,64,63,64,75,71,66,78,65,71,87,58,58,84,98,74,59,65,82,61,64,93,60,60,79,93,63,55,66,68,55,77,56,57,60,51,87,62,63,68,39,58,74,65,60,52,60,63,90,74,103,60,79,81,88,82,75,63,74,44,69,69,78,78,68,70
DEL_repeats_5+_4,25,26,31,36,40,26,20,35,36,32,25,31,33,30,26,36,23,33,32,36,28,22,46,46,21,36,28,29,26,23,40,27,29,35,33,28,28,32,36,32,33,36,21,28,39,30,28,36,40,27,33,19,29,24,23,45,26,34,33,46,32,38,26,35,24,29,28,29,24,33,36,30,30,37,24,37,37,31,22,30,35,31,42,28,41,22,41,33,34,41,36,31,26,23,33,27,33,33,29,29
DEL_repeats_5+_5+,60,66,69,81,71,66,60,65,67,71,66,62,64,75,68,76,50,67,71,75,77,69,70,59,64,67,58,64,63,66,70,73,66,77,70,64,53,63,80,65,72,61,64,75,73,48,65,84,85,66,60,65,81,62,59,81,64,58,78,77,58,62,65,69,49,68,56,66,59,60,77,70,65,73,54,63,66,66,63,51,70,54,67,70,85,58,70,76,75,71,75,64,68,56,64,70,76,70,66,72
INS_repeats_2_0,96,102,117,130,115,104,98,108,116,112,103,108,120,115,112,124,87,119,109,119,114,98,123,117,92,116,99,100,105,101,106,108,108,126,113,102,91,108,133,109,119,100,103,108,119,94,107,132,130,94,112,91,122,98,98,136,99,110,116,123,110,121,105,120,94,110,85,101,104,110,127,106,111,126,92,114,107,111,95,105,120,90,123,107,131,92,116,115,117,120,110,101,98,99,109,107,119,111,106,116
INS_repeats_2_1,108,114,130,150,139,115,103,128,139,131,114,125,138,132,122,143,98,137,126,138,125,107,148,146,101,134,115,116,116,109,128,121,121,145,131,118,109,122,150,127,137,119,110,120,140,110,120,152,156,106,130,98,134,105,107,163,111,133,135,148,128,144,117,141,108,127,101,116,115,129,149,121,127,147,102,133,126,129,102,124,138,106,150,122,156,100,138,132,135,143,131,117,108,108,131,117,135,127,120,129
INS_repeats_2_2,84,80,103,112,123,84,80,108,113,100,82,103,122,92,95,108,84,115,88,113,83,66,145,146,65,115,95,84,95,77,110,82,92,111,98,88,94,110,121,105,105,114,82,76,124,112,93,112,114,74,119,60,92,84,89,141,79,120,90,132,122,132,89,116,102,96,77,82,96,112,115,82,102,120,82,123,114,104,72,118,110,96,143,87,122,78,127,97,106,130,91,90,77,91,104,87,104,104,97,100
INS_repeats_2_3,93,94,127,132,137,97,86,127,135,109,91,126,139,105,105,136,95,131,117,132,102,71,172,182,72,140,106,108,104,87,133,92,115,133,123,104,105,125,143,119,128,129,83,95,142,121,111,131,136,86,135,65,103,91,90,164,95,138,112,159,132,157,98,136,103,103,100,106,100,136,129,108,118,144,103,149,136,120,80,129,137,113,155,98,139,84,152,114,118,152,121,111,87,104,123,98,121,117,109,113
INS_repeats_2_4,77,72,89,90,93,79,88,79,78,82,78,79,101,78,94,84,74,94,64,92,79,69,105,90,67,89,78,62,90,78,76,77,77,88,76,70,72,95,104,85,85,89,91,67,98,91,79,93,81,64,95,67,90,85,90,105,70,86,69,92,103,95,82,90,92,83,53,64,93,83,91,64,85,92,71,94,88,83,75,93,85,73,105,76,92,78,94,80,88,97,60,67,74,88,74,85,90,89,87,92
INS_repeats_2_5+,72,71,76,95,114,70,64,91,92,93,73,78,92,85,77,86,66,91,72,98,72,67,118,108,62,90,81,68,77,66,101,77,71,91,79,75,80,88,97,89,84,101,72,70,109,90,73,96,106,73,91,59,84,72,77,120,67,92,82,117,96,95,77,93,81,87,66,66,78,81,102,69,82,94,58,93,97,84,64,88,84,82,123,79,114,69,106,88,99,110,81,76,74,66,87,76,91,93,83,84
INS_repeats_3_0,117,122,127,151,152,122,117,127,128,140,125,116,130,139,132,137,101,133,120,147,135,126,152,124,117,131,118,111,125,121,139,135,119,143,126,118,110,131,153,130,134,134,128,130,153,113,120,155,159,123,124,118,151,123,123,165,116,118,137,157,128,124,125,134,111,134,101,114,123,114,150,120,126,138,98,127,136,126,118,112,129,113,152,131,167,115,145,142,149,148,129,117,129,110,123,133,146,140,130,138
INS_repeats_3_1,68,71,76,99,116,67,50,97,104,95,69,82,91,88,68,92,63,92,81,98,70,62,121,122,57,92,82,75,70,59,108,75,72,95,85,79,83,82,95,90,88,99,59,72,108,86,73,99,118,73,92,52,79,61,66,126,67,100,90,123,92,103,73,98,74,87,73,72,70,87,107,76,82,99,57,95,97,87,56,88,89,83,126,80,121,61,109,90,99,113,94,82,69,57,97,69,89,90,78,78
INS_repeats_3_2,107,111,125,144,146,112,102,127,132,129,111,119,131,128,119,137,97,130,121,141,123,106,157,145,100,133,112,111,115,107,138,119,117,139,125,113,108,126,147,125,131,131,108,118,147,112,116,146,153,110,126,98,132,108,108,164,108,124,130,158,126,135,114,134,104,122,102,112,111,121,143,117,121,140,98,133,134,123,103,116,131,112,152,119,158,102,146,133,137,148,129,116,113,104,124,118,136,131,120,127
INS_repeats_3_3,52,52,56,68,73,52,50,61,62,65,54,54,64,61,58,61,47,64,51,67,54,51,75,67,47,61,56,48,56,50,64,57,51,64,56,53,54,61,69,62,60,64,55,52,72,59,53,69,72,51,62,46,63,53,56,79,49,62,59,74,65,64,56,64,57,62,44,48,57,56,71,50,58,65,43,62,63,59,48,60,59,53,79,57,77,50,69,62,68,71,55,52,53,49,60,56,64,64,58,61
INS_repeats_3_4,53,54,64,77,81,54,45,72,80,70,54,68,77,66,58,73,51,75,62,72,55,46,87,93,43,73,63,58,58,48,72,56,59,75,67,61,62,64,76,69,70,68,49,53,77,67,60,76,84,50,75,39,61,49,53,93,53,81,66,85,75,86,58,78,62,67,52,56,59,72,82,58,67,80,50,75,69,70,44,75,72,60,93,61,85,48,78,66,71,82,66,61,49,52,74,54,67,66,61,63
INS_repeats_3_5+,74,71,88,95,99,75,75,86,89,85,74,84,100,81,85,90,71,95,73,95,76,64,113,107,62,94,80,69,83,71,87,75,78,93,82,74,76,92,103,87,88,92,78,69,102,90,79,96,94,66,96,60,85,76,80,113,70,93,77,104,100,103,78,95,85,83,62,69,84,88,96,70,86,98,70,98,92,86,68,94,90,78,112,76,101,71,101,83,90,104,74,74,71,79,84,79,90,89,84,88
INS_repeats_4_0,86,93,100,117,119,91,80,103,103,104,91,93,97,105,94,112,75,100,103,116,105,91,127,112,84,107,88,93,90,88,119,99,95,113,102,92,85,101,118,98,106,108,85,103,121,83,93,119,128,96,94,84,110,88,84,131,89,92,111,133,92,100,91,104,74,97,87,94,84,93,113,100,95,109,78,104,112,97,86,82,105,92,116,97,131,82,120,112,113,120,113,96,97,80,98,99,113,107,97,102
INS_repeats_4_1,81,85,94,108,102,86,82,91,95,97,87,87,98,97,93,101,73,98,88,102,95,84,106,96,79,95,83,82,88,84,94,92,87,104,93,85,78,91,110,92,98,89,87,90,104,80,87,111,111,82,92,78,103,83,84,116,82,90,97,107,92,97,88,99,79,94,71,83,87,88,107,87,91,103,73,93,93,92,80,85,97,78,107,91,114,78,100,98,101,103,92,84,85,80,91,91,101,96,90,97
INS_repeats_4_2,87,91,93,120,131,88,73,109,114,115,90,94,104,110,91,109,76,107,97,117,95,88,130,121,81,106,96,90,90,82,121,99,89,114,101,95,94,98,116,106,105,111,84,96,125,94,91,122,137,94,102,78,108,83,86,141,86,106,111,137,103,109,93,111,86,107,84,88,88,96,126,94,98,114,70,104,110,102,79,95,103,94,136,101,141,81,121,112,119,125,110,96,93,74,108,93,111,109,97,100
INS_repeats_4_3,53,56,57,71,81,54,47,65,63,67,55,54,57,65,55,66,45,59,60,74,62,57,83,69,52,65,55,55,54,53,80,62,55,67,60,56,54,63,71,61,62,74,52,62,80,54,55,72,81,62,57,52,67,54,52,84,53,55,68,89,57,57,55,62,46,61,54,55,50,53,70,59,57,64,43,63,73,58,52,48,61,60,77,60,86,51,79,70,73,78,70,59,63,45,60,61,70,69,61,62
INS_repeats_4_4,94,96,110,118,109,100,102,97,98,103,99,97,111,105,111,112,85,109,95,114,110,96,118,101,91,108,92,89,104,100,99,103,100,114,102,92,84,108,126,101,109,100,106,100,116,91,100,122,113,90,103,92,118,101,100,125,93,95,103,115,106,106,100,108,92,102,76,92,102,97,113,95,103,113,88,107,105,101,96,95,108,86,112,100,120,93,111,108,110,113,95,91,98,99,94,107,114,108,104,113
INS_repeats_4_5+,149,156,152,201,212,151,133,174,183,195,159,150,169,188,159,177,126,176,155,191,164,161,198,173,145,167,159,144,154,146,190,174,146,188,164,158,153,160,192,175,173,175,155,164,201,150,151,205,226,160,164,144,190,145,153,225,146,168,186,213,169,169,162,181,147,184,132,144,155,149,211,153,163,184,113,160,173,169,141,154,165,148,218,174,233,142,188,188,201,197,175,155,161,126,176,161,185,182,165,172
INS_repeats_5+_0,54,58,55,77,83,55,44,68,72,75,58,56,62,72,56,67,46,65,61,72,60,59,76,69,53,63,60,56,55,52,76,65,54,71,63,60,59,58,70,66,65,67,53,63,77,55,55,78,90,62,61,52,70,51,54,87,55,65,73,84,61,64,59,69,52,70,53,55,54,56,81,59,61,70,40,60,66,64,50,56,62,57,85,66,92,51,73,72,77,76,71,60,60,42,69,58,70,68,60,62
INS_repeats_5+_1,43,48,50,66,63,46,35,57,66,61,47,52,56,60,46,61,38,58,55,57,50,45,59,64,41,54,50,51,45,42,57,52,48,63,56,52,49,45,60,55,58,48,41,51,58,44,49,66,76,46,54,39,56,38,41,72,46,61,62,65,52,62,49,62,43,57,44,49,45,54,70,52,53,63,37,52,50,56,38,53,58,44,68,54,73,39,56,58,60,61,61,52,43,37,62,45,55,52,48,51
INS_repeats_5+_2,87,87,89,113,121,87,82,99,105,111,92,88,106,105,96,98,77,106,81,108,89,88,116,102,81,97,95,77,93,84,102,97,82,107,91,89,90,96,112,103,98,101,95,86,116,96,87,116,122,86,102,79,107,87,95,130,82,103,98,117,109,104,95,107,97,108,69,77,97,90,122,80,97,108,67,96,98,99,80,100,95,85,133,98,129,84,107,103,114,114,88,85,89,79,100,92,105,105,97,101
INS_repeats_5+_3,98,101,117,133,130,103,95,117,125,119,102,113,129,116,112,126,92,126,107,126,108,93,140,137,88,123,106,100,108,97,117,107,107,129,115,104,101,115,136,117,122,114,101,102,131,109,108,135,137,94,123,85,119,98,101,150,98,124,116,137,124,134,107,128,105,115,88,100,108,117,135,103,115,133,91,124,117,117,91,118,123,99,144,109,141,93,129,117,123,134,111,104,97,100,118,106,121,117,110,117
INS_repeats_5+_4,105,108,127,142,142,110,101,126,132,124,108,121,135,122,118,136,98,132,119,138,119,99,159,152,94,135,111,110,114,104,134,113,117,138,124,111,107,127,147,124,131,129,106,112,145,116,116,143,147,104,129,91,127,106,106,163,105,128,125,155,129,141,112,135,107,119,99,110,111,125,139,114,122,141,100,137,134,123,99,121,133,111,152,114,152,99,146,128,132,148,124,114,107,107,123,115,133,128,119,125
INS_repeats_5+_5+,56,55,68,73,78,58,55,68,69,65,56,65,74,62,64,71,54,71,60,75,61,49,90,85,48,73,60,56,62,54,72,58,62,72,65,57,58,71,79,66,69,73,56,56,80,66,61,74,74,53,72,46,65,58,58,88,54,70,62,85,73,77,59,72,60,62,52,56,61,68,72,58,65,75,54,76,74,65,52,68,71,62,84,59,79,53,81,66,70,82,63,59,56,59,64,61,70,69,64,67
DEL_MH_2_1,104,105,115,131,131,108,109,112,114,121,110,106,125,119,121,120,94,124,100,128,115,105,136,116,99,118,107,94,115,107,114,115,105,126,110,102,99,120,138,117,119,117,117,106,134,109,108,135,132,100,119,99,130,110,114,145,100,113,113,133,125,120,112,122,110,119,83,96,116,107,133,99,114,126,90,118,118,114,103,112,116,99,140,113,141,103,126,120,128,131,103,100,108,105,109,116,126,122,116,124
DEL_MH_3_1,120,119,144,147,138,127,135,123,123,127,124,126,149,128,145,141,112,142,117,145,136,115,158,136,112,141,118,109,136,126,123,126,128,144,128,114,108,144,164,130,138,132,137,120,149,126,128,151,135,108,139,112,146,132,132,160,116,125,122,146,144,142,127,138,125,127,94,113,135,129,140,116,133,146,116,143,137,129,122,130,139,113,147,123,146,119,145,132,137,147,112,113,122,134,117,136,144,137,134,145
DEL_MH_3_2,81,82,99,109,117,83,75,102,105,96,81,96,107,93,89,107,77,104,93,111,89,71,136,131,69,109,88,86,88,77,112,84,91,107,97,86,86,103,116,98,102,109,77,84,119,96,90,110,115,80,105,65,94,81,81,133,80,104,95,130,105,115,85,107,84,90,80,85,85,101,108,88,95,112,79,113,111,97,74,98,105,92,126,86,120,76,123,99,104,123,99,90,82,83,98,87,104,101,93,96
DEL_MH_4_1,98,104,111,136,135,102,88,118,127,125,104,108,119,123,107,126,86,121,112,127,112,101,135,128,93,118,105,103,103,97,125,113,105,130,116,107,101,108,132,116,121,113,98,111,131,99,105,138,149,103,114,91,124,95,97,151,100,118,126,141,113,124,106,126,95,119,93,103,101,110,139,109,112,130,84,115,116,116,92,107,120,99,141,114,150,91,127,124,129,132,122,107,103,89,120,106,123,118,109,115
DEL_MH_4_2,90,91,97,120,134,90,81,110,113,114,92,96,110,108,96,109,81,110,94,120,95,88,139,126,81,110,98,88,95,85,122,99,91,114,100,94,96,107,121,108,106,118,90,93,131,103,93,121,132,93,108,79,108,89,93,144,86,109,107,140,112,113,96,113,94,107,83,87,95,99,125,91,101,116,74,111,116,104,82,102,105,98,142,100,140,86,127,111,121,131,105,95,95,82,107,97,113,113,102,105
DEL_MH_4_3,59,60,70,72,70,63,65,61,58,62,62,60,67,64,70,70,53,66,61,74,71,60,80,64,58,69,56,56,66,64,67,64,64,70,63,56,51,71,80,62,67,69,66,64,76,57,63,75,69,59,63,59,74,66,63,79,59,55,64,77,65,63,61,64,55,61,50,58,62,59,66,60,63,69,56,69,71,61,62,55,67,58,69,61,75,59,75,69,69,74,61,57,65,63,55,69,74,70,66,72
DEL_MH_5+_1,58,59,66,76,81,60,55,69,69,69,59,62,70,67,64,72,53,70,62,77,65,57,88,78,53,72,61,58,62,57,76,63,61,73,65,60,59,70,79,67,69,74,59,62,82,63,61,77,81,60,68,52,70,60,60,89,57,66,68,88,70,71,61,71,58,65,54,58,60,64,76,61,65,74,52,72,75,65,55,62,69,62,84,63,85,56,81,71,75,82,67,61,62,56,65,64,73,72,66,69
DEL_MH_5+_2,39,39,38,48,55,39,37,42,41,48,41,35,40,46,42,42,33,42,37,50,43,43,53,40,39,42,39,34,40,39,50,45,36,45,39,38,37,44,49,43,42,49,42,42,54,39,37,50,53,43,39,39,50,41,42,56,37,37,45,56,42,37,41,42,37,45,33,35,40,34,49,37,40,43,29,40,47,40,39,35,39,39,53,43,58,39,50,48,51,51,42,38,45,33,40,44,48,48,43,45
DEL_MH_5+_3,34,35,47,53,59,34,25,54,60,46,33,51,55,42,35,54,35,53,47,52,35,24,72,81,24,56,43,44,37,28,57,34,43,53,49,42,45,47,54,48,50,53,25,35,58,49,42,51,60,33,55,19,36,29,31,70,35,60,46,68,53,67,36,56,40,42,42,41,36,56,55,42,46,59,37,60,55,49,25,54,55,46,69,38,60,29,63,45,48,64,52,46,30,35,54,33,46,46,41,41
DEL_MH_5+_4,112,118,139,152,137,122,115,128,136,129,119,129,142,132,131,147,104,140,129,142,133,111,152,145,106,139,115,119,124,117,128,124,128,148,134,119,108,130,157,128,141,122,118,125,143,113,126,154,152,109,133,104,141,115,114,162,116,131,135,149,131,146,121,142,110,126,102,120,121,132,146,125,131,149,111,138,131,131,111,124,143,109,146,124,153,107,142,135,136,145,131,119,114,118,128,125,140,131,125,136
DEL_MH_5+_5+,64,66,76,84,89,67,61,76,75,74,65,71,76,74,71,82,58,75,74,87,75,62,101,90,59,82,65,67,68,64,88,70,71,82,75,66,63,79,89,73,78,85,63,72,92,68,69,86,89,68,74,58,78,67,63,99,65,70,77,101,74,78,66,77,59,69,64,68,64,71,80,71,71,82,60,83,87,71,63,65,79,71,89,69,94,61,94,80,82,92,80,70,70,63,71,73,83,80,73,76
