,0,1,2,3,4,5,6,7,8,9,10,11,12,13,14,15,16,17,18,19,20,21,22,23,24,25,26,27,28,29,30,31,32,33,34,35,36,37,38,39,40,41,42,43,44,45,46,47,48,49,50,51,52,53,54,55,56,57,58,59,60,61,62,63,64,65,66,67,68,69,70,71,72,73,74,75,76,77,78,79,80,81,82,83,84,85,86,87,88,89,90,91,92,93,94,95,96,97,98,99
0,0,0.22565599140996628,0,0,0,0,0,0,0,0,0,0,0,0,0,0,0,0,0,0,0,0,0,0,0,0,0,0,0,0,0.19154476246111787,0,0,0,0,0,0,0,0,0,0,0,0,0,0,0,0,0,0,0,0,0,0,0,0,0,0,0,0,0,0,0,0,0,0,0,0,0,0,0,0,0,0,0.3189884025638087,0,0,0,0,0,0,0,0,0,0.09433111348191012,0,0,0,0,0,0,0,0,0,0,0,0,0,0,0,0.16947973008319692
1,0,0.2495842423976167,0,0,0,0,0,0,0,0,0,0,0,0,0,0,0,0,0,0,0,0,0,0,0,0,0,0,0,0,0.23499660859690485,0,0,0,0,0,0,0,0,0,0,0,0,0,0,0,0,0,0,0,0,0,0,0,0,0,0,0,0,0,0,0,0,0,0,0,0,0,0,0,0,0,0,0.257076567245306,0,0,0,0,0,0,0,0,0,0.08989319578597288,0,0,0,0,0,0,0,0,0,0,0,0,0,0,0,0.16844938597419956
2,0,0.3297898601870662,0,0,0,0,0,0,0,0,0,0,0,0,0,0,0,0,0,0,0,0,0,0,0,0,0,0,0,0,0.2334184567381387,0,0,0,0,0,0,0,0,0,0,0,0,0,0,0,0,0,0,0,0,0,0,0,0,0,0,0,0,0,0,0,0,0,0,0,0,0,0,0,0,0,0,0.21427656271489326,0,0,0,0,0,0,0,0,0,0.06175013136092771,0,0,0,0,0,0,0,0,0,0,0,0,0,0,0,0.16076498899897407
3,0,0.3544045181776422,0,0,0,0,0,0,0,0,0,0,0,0,0,0,0,0,0,0,0,0,0,0,0,0,0,0,0,0,0.19153844697684622,0,0,0,0,0,0,0,0,0,0,0,0,0,0,0,0,0,0,0,0,0,0,0,0,0,0,0,0,0,0,0,0,0,0,0,0,0,0,0,0,0,0,0.2815990091284137,0,0,0,0,0,0,0,0,0,0.09051782675211083,0,0,0,0,0,0,0,0,0,0,0,0,0,0,0,0.08194019896498711
4,0,0.27734570952474075,0,0,0,0,0,0,0,0,0,0,0,0,0,0,0,0,0,0,0,0,0,0,0,0,0,0,0,0,0.1731182562519473,0,0,0,0,0,0,0,0,0,0,0,0,0,0,0,0,0,0,0,0,0,0,0,0,0,0,0,0,0,0,0,0,0,0,0,0,0,0,0,0,0,0,0.25461319592704035,0,0,0,0,0,0,0,0,0,0.10530659151816982,0,0,0,0,0,0,0,0,0,0,0,0,0,0,0,0.1896162467781018
5,0,0.31827876040327524,0,0,0,0,0,0,0,0,0,0,0,0,0,0,0,0,0,0,0,0,0,0,0,0,0,0,0,0,0.12370059027431018,0,0,0,0,0,0,0,0,0,0,0,0,0,0,0,0,0,0,0,0,0,0,0,0,0,0,0,0,0,0,0,0,0,0,0,0,0,0,0,0,0,0,0.2443695948303836,0,0,0,0,0,0,0,0,0,0.18339807705441863,0,0,0,0,0,0,0,0,0,0,0,0,0,0,0,0.13025297743761244
6,0,0.2996681872337883,0,0,0,0,0,0,0,0,0,0,0,0,0,0,0,0,0,0,0,0,0,0,0,0,0,0,0,0,0.21993890668796592,0,0,0,0,0,0,0,0,0,0,0,0,0,0,0,0,0,0,0,0,0,0,0,0,0,0,0,0,0,0,0,0,0,0,0,0,0,0,0,0,0,0,0.24493273581792502,0,0,0,0,0,0,0,0,0,0.1068767825304831,0,0,0,0,0,0,0,0,0,0,0,0,0,0,0,0.12858338772983763
7,0,0.29824362080385647,0,0,0,0,0,0,0,0,0,0,0,0,0,0,0,0,0,0,0,0,0,0,0,0,0,0,0,0,0.21317726547970114,0,0,0,0,0,0,0,0,0,0,0,0,0,0,0,0,0,0,0,0,0,0,0,0,0,0,0,0,0,0,0,0,0,0,0,0,0,0,0,0,0,0,0.3038609421108915,0,0,0,0,0,0,0,0,0,0.09510111994473033,0,0,0,0,0,0,0,0,0,0,0,0,0,0,0,0.08961705166082064
8,0,0.31538813951887196,0,0,0,0,0,0,0,0,0,0,0,0,0,0,0,0,0,0,0,0,0,0,0,0,0,0,0,0,0.19612728354161757,0,0,0,0,0,0,0,0,0,0,0,0,0,0,0,0,0,0,0,0,0,0,0,0,0,0,0,0,0,0,0,0,0,0,0,0,0,0,0,0,0,0,0.2782990649938139,0,0,0,0,0,0,0,0,0,0.04672737805686219,0,0,0,0,0,0,0,0,0,0,0,0,0,0,0,0.1634581338888344
9,0,0.31507504659874525,0,0,0,0,0,0,0,0,0,0,0,0,0,0,0,0,0,0,0,0,0,0,0,0,0,0,0,0,0.227086440736543,0,0,0,0,0,0,0,0,0,0,0,0,0,0,0,0,0,0,0,0,0,0,0,0,0,0,0,0,0,0,0,0,0,0,0,0,0,0,0,0,0,0,0.3027916765466848,0,0,0,0,0,0,0,0,0,0.0854485906041893,0,0,0,0,0,0,0,0,0,0,0,0,0,0,0,0.06959824551383757
10,0,0.29141642345607616,0,0,0,0,0,0,0,0,0,0,0,0,0,0,0,0,0,0,0,0,0,0,0,0,0,0,0,0,0.20279667718976696,0,0,0,0,0,0,0,0,0,0,0,0,0,0,0,0,0,0,0,0,0,0,0,0,0,0,0,0,0,0,0,0,0,0,0,0,0,0,0,0,0,0,0.2331779469728776,0,0,0,0,0,0,0,0,0,0.12747020014065008,0,0,0,0,0,0,0,0,0,0,0,0,0,0,0,0.1451387522406291
11,0,0.2619751363486709,0,0,0,0,0,0,0,0,0,0,0,0,0,0,0,0,0,0,0,0,0,0,0,0,0,0,0,0,0.18208098386658297,0,0,0,0,0,0,0,0,0,0,0,0,0,0,0,0,0,0,0,0,0,0,0,0,0,0,0,0,0,0,0,0,0,0,0,0,0,0,0,0,0,0,0.31574699422131064,0,0,0,0,0,0,0,0,0,0.035332011608378774,0,0,0,0,0,0,0,0,0,0,0,0,0,0,0,0.2048648739550566
12,0,0.25065700069969205,0,0,0,0,0,0,0,0,0,0,0,0,0,0,0,0,0,0,0,0,0,0,0,0,0,0,0,0,0.16471176979806482,0,0,0,0,0,0,0,0,0,0,0,0,0,0,0,0,0,0,0,0,0,0,0,0,0,0,0,0,0,0,0,0,0,0,0,0,0,0,0,0,0,0,0.29381789555579185,0,0,0,0,0,0,0,0,0,0.08638884819219839,0,0,0,0,0,0,0,0,0,0,0,0,0,0,0,0.20442448575425298
13,0,0.27025477727901026,0,0,0,0,0,0,0,0,0,0,0,0,0,0,0,0,0,0,0,0,0,0,0,0,0,0,0,0,0.18413952515610102,0,0,0,0,0,0,0,0,0,0,0,0,0,0,0,0,0,0,0,0,0,0,0,0,0,0,0,0,0,0,0,0,0,0,0,0,0,0,0,0,0,0,0.31481731960459525,0,0,0,0,0,0,0,0,0,0.030630122204554026,0,0,0,0,0,0,0,0,0,0,0,0,0,0,0,0.20015825575573948
14,0,0.20944411813517994,0,0,0,0,0,0,0,0,0,0,0,0,0,0,0,0,0,0,0,0,0,0,0,0,0,0,0,0,0.27058525808532696,0,0,0,0,0,0,0,0,0,0,0,0,0,0,0,0,0,0,0,0,0,0,0,0,0,0,0,0,0,0,0,0,0,0,0,0,0,0,0,0,0,0,0.37083895108857307,0,0,0,0,0,0,0,0,0,0.08792443421345292,0,0,0,0,0,0,0,0,0,0,0,0,0,0,0,0.06120723847746715
15,0,0.25735418915871267,0,0,0,0,0,0,0,0,0,0,0,0,0,0,0,0,0,0,0,0,0,0,0,0,0,0,0,0,0.23427583177722833,0,0,0,0,0,0,0,0,0,0,0,0,0,0,0,0,0,0,0,0,0,0,0,0,0,0,0,0,0,0,0,0,0,0,0,0,0,0,0,0,0,0,0.2667699000843447,0,0,0,0,0,0,0,0,0,0.07567818632862709,0,0,0,0,0,0,0,0,0,0,0,0,0,0,0,0.16592189265108728
16,0,0.26460469061637176,0,0,0,0,0,0,0,0,0,0,0,0,0,0,0,0,0,0,0,0,0,0,0,0,0,0,0,0,0.2589303196258339,0,0,0,0,0,0,0,0,0,0,0,0,0,0,0,0,0,0,0,0,0,0,0,0,0,0,0,0,0,0,0,0,0,0,0,0,0,0,0,0,0,0,0.2408860722457703,0,0,0,0,0,0,0,0,0,0.10638869085818255,0,0,0,0,0,0,0,0,0,0,0,0,0,0,0,0.12919022665384144
17,0,0.3238532052664196,0,0,0,0,0,0,0,0,0,0,0,0,0,0,0,0,0,0,0,0,0,0,0,0,0,0,0,0,0.18425431746441454,0,0,0,0,0,0,0,0,0,0,0,0,0,0,0,0,0,0,0,0,0,0,0,0,0,0,0,0,0,0,0,0,0,0,0,0,0,0,0,0,0,0,0.2396550257929651,0,0,0,0,0,0,0,0,0,0.1049327801506204,0,0,0,0,0,0,0,0,0,0,0,0,0,0,0,0.14730467132558042
18,0,0.34923114378738196,0,0,0,0,0,0,0,0,0,0,0,0,0,0,0,0,0,0,0,0,0,0,0,0,0,0,0,0,0.1898523516178103,0,0,0,0,0,0,0,0,0,0,0,0,0,0,0,0,0,0,0,0,0,0,0,0,0,0,0,0,0,0,0,0,0,0,0,0,0,0,0,0,0,0,0.241783044451575,0,0,0,0,0,0,0,0,0,0.09043058152734977,0,0,0,0,0,0,0,0,0,0,0,0,0,0,0,0.12870287861588312
19,0,0.24443415754799805,0,0,0,0,0,0,0,0,0,0,0,0,0,0,0,0,0,0,0,0,0,0,0,0,0,0,0,0,0.2120268394936597,0,0,0,0,0,0,0,0,0,0,0,0,0,0,0,0,0,0,0,0,0,0,0,0,0,0,0,0,0,0,0,0,0,0,0,0,0,0,0,0,0,0,0.30270434476361713,0,0,0,0,0,0,0,0,0,0.09696016642864957,0,0,0,0,0,0,0,0,0,0,0,0,0,0,0,0.1438744917660755
20,0,0.3951402353462291,0,0,0,0,0,0,0,0,0,0,0,0,0,0,0,0,0,0,0,0,0,0,0,0,0,0,0,0,0.1113113528059801,0,0,0,0,0,0,0,0,0,0,0,0,0,0,0,0,0,0,0,0,0,0,0,0,0,0,0,0,0,0,0,0,0,0,0,0,0,0,0,0,0,0,0.3520900272643296,0,0,0,0,0,0,0,0,0,0.08601067283442375,0,0,0,0,0,0,0,0,0,0,0,0,0,0,0,0.055447711749037565
21,0,0.28188358656008167,0,0,0,0,0,0,0,0,0,0,0,0,0,0,0,0,0,0,0,0,0,0,0,0,0,0,0,0,0.24348453892415414,0,0,0,0,0,0,0,0,0,0,0,0,0,0,0,0,0,0,0,0,0,0,0,0,0,0,0,0,0,0,0,0,0,0,0,0,0,0,0,0,0,0,0.24088028200881154,0,0,0,0,0,0,0,0,0,0.06789744769965972,0,0,0,0,0,0,0,0,0,0,0,0,0,0,0,0.16585414480729296
22,0,0.2730840436894758,0,0,0,0,0,0,0,0,0,0,0,0,0,0,0,0,0,0,0,0,0,0,0,0,0,0,0,0,0.1716704188052727,0,0,0,0,0,0,0,0,0,0,0,0,0,0,0,0,0,0,0,0,0,0,0,0,0,0,0,0,0,0,0,0,0,0,0,0,0,0,0,0,0,0,0.24247215801038094,0,0,0,0,0,0,0,0,0,0.09084842332795938,0,0,0,0,0,0,0,0,0,0,0,0,0,0,0,0.22192495616691119
23,0,0.3691679009588425,0,0,0,0,0,0,0,0,0,0,0,0,0,0,0,0,0,0,0,0,0,0,0,0,0,0,0,0,0.20857244632107524,0,0,0,0,0,0,0,0,0,0,0,0,0,0,0,0,0,0,0,0,0,0,0,0,0,0,0,0,0,0,0,0,0,0,0,0,0,0,0,0,0,0,0.2790401503238979,0,0,0,0,0,0,0,0,0,0.08056966854260161,0,0,0,0,0,0,0,0,0,0,0,0,0,0,0,0.06264983385358289
24,0,0.2079198633399503,0,0,0,0,0,0,0,0,0,0,0,0,0,0,0,0,0,0,0,0,0,0,0,0,0,0,0,0,0.26380043932689407,0,0,0,0,0,0,0,0,0,0,0,0,0,0,0,0,0,0,0,0,0,0,0,0,0,0,0,0,0,0,0,0,0,0,0,0,0,0,0,0,0,0,0.31858258416348745,0,0,0,0,0,0,0,0,0,0.1253700817864178,0,0,0,0,0,0,0,0,0,0,0,0,0,0,0,0.08432703138325048
25,0,0.25963307100370486,0,0,0,0,0,0,0,0,0,0,0,0,0,0,0,0,0,0,0,0,0,0,0,0,0,0,0,0,0.21067517555913565,0,0,0,0,0,0,0,0,0,0,0,0,0,0,0,0,0,0,0,0,0,0,0,0,0,0,0,0,0,0,0,0,0,0,0,0,0,0,0,0,0,0,0.3072780666487257,0,0,0,0,0,0,0,0,0,0.13168817363666277,0,0,0,0,0,0,0,0,0,0,0,0,0,0,0,0.09072551315177095
26,0,0.18903843706582518,0,0,0,0,0,0,0,0,0,0,0,0,0,0,0,0,0,0,0,0,0,0,0,0,0,0,0,0,0.24830888883613428,0,0,0,0,0,0,0,0,0,0,0,0,0,0,0,0,0,0,0,0,0,0,0,0,0,0,0,0,0,0,0,0,0,0,0,0,0,0,0,0,0,0,0.23866801025245343,0,0,0,0,0,0,0,0,0,0.1156694893927395,0,0,0,0,0,0,0,0,0,0,0,0,0,0,0,0.20831517445284756
27,0,0.22825830513117637,0,0,0,0,0,0,0,0,0,0,0,0,0,0,0,0,0,0,0,0,0,0,0,0,0,0,0,0,0.23695485864394805,0,0,0,0,0,0,0,0,0,0,0,0,0,0,0,0,0,0,0,0,0,0,0,0,0,0,0,0,0,0,0,0,0,0,0,0,0,0,0,0,0,0,0.26974715541723293,0,0,0,0,0,0,0,0,0,0.11624706014250769,0,0,0,0,0,0,0,0,0,0,0,0,0,0,0,0.1487926206651349
28,0,0.2562939978609523,0,0,0,0,0,0,0,0,0,0,0,0,0,0,0,0,0,0,0,0,0,0,0,0,0,0,0,0,0.16340226838445518,0,0,0,0,0,0,0,0,0,0,0,0,0,0,0,0,0,0,0,0,0,0,0,0,0,0,0,0,0,0,0,0,0,0,0,0,0,0,0,0,0,0,0.3337149987542729,0,0,0,0,0,0,0,0,0,0.11685001019082106,0,0,0,0,0,0,0,0,0,0,0,0,0,0,0,0.12973872480949866
29,0,0.2871160166581452,0,0,0,0,0,0,0,0,0,0,0,0,0,0,0,0,0,0,0,0,0,0,0,0,0,0,0,0,0.20153501282462213,0,0,0,0,0,0,0,0,0,0,0,0,0,0,0,0,0,0,0,0,0,0,0,0,0,0,0,0,0,0,0,0,0,0,0,0,0,0,0,0,0,0,0.2514318880817399,0,0,0,0,0,0,0,0,0,0.08146736404001642,0,0,0,0,0,0,0,0,0,0,0,0,0,0,0,0.1784497183954764
30,0,0.2503736739018527,0,0,0,0,0,0,0,0,0,0,0,0,0,0,0,0,0,0,0,0,0,0,0,0,0,0,0,0,0.250317425945478,0,0,0,0,0,0,0,0,0,0,0,0,0,0,0,0,0,0,0,0,0,0,0,0,0,0,0,0,0,0,0,0,0,0,0,0,0,0,0,0,0,0,0.2916875006808713,0,0,0,0,0,0,0,0,0,0.08054107282322871,0,0,0,0,0,0,0,0,0,0,0,0,0,0,0,0.1270803266485692
31,0,0.28910904615862676,0,0,0,0,0,0,0,0,0,0,0,0,0,0,0,0,0,0,0,0,0,0,0,0,0,0,0,0,0.17060956545916964,0,0,0,0,0,0,0,0,0,0,0,0,0,0,0,0,0,0,0,0,0,0,0,0,0,0,0,0,0,0,0,0,0,0,0,0,0,0,0,0,0,0,0.25876007118753447,0,0,0,0,0,0,0,0,0,0.09184033989574426,0,0,0,0,0,0,0,0,0,0,0,0,0,0,0,0.1896809772989248
32,0,0.23326128089099427,0,0,0,0,0,0,0,0,0,0,0,0,0,0,0,0,0,0,0,0,0,0,0,0,0,0,0,0,0.20070761390889852,0,0,0,0,0,0,0,0,0,0,0,0,0,0,0,0,0,0,0,0,0,0,0,0,0,0,0,0,0,0,0,0,0,0,0,0,0,0,0,0,0,0,0.2788643329209583,0,0,0,0,0,0,0,0,0,0.17157835822571654,0,0,0,0,0,0,0,0,0,0,0,0,0,0,0,0.11558841405343248
33,0,0.2976482216506511,0,0,0,0,0,0,0,0,0,0,0,0,0,0,0,0,0,0,0,0,0,0,0,0,0,0,0,0,0.20827442646115735,0,0,0,0,0,0,0,0,0,0,0,0,0,0,0,0,0,0,0,0,0,0,0,0,0,0,0,0,0,0,0,0,0,0,0,0,0,0,0,0,0,0,0.2130474556365493,0,0,0,0,0,0,0,0,0,0.15477807459174064,0,0,0,0,0,0,0,0,0,0,0,0,0,0,0,0.12625182165990168
34,0,0.1937396920428034,0,0,0,0,0,0,0,0,0,0,0,0,0,0,0,0,0,0,0,0,0,0,0,0,0,0,0,0,0.24898716586519293,0,0,0,0,0,0,0,0,0,0,0,0,0,0,0,0,0,0,0,0,0,0,0,0,0,0,0,0,0,0,0,0,0,0,0,0,0,0,0,0,0,0,0.3416624551017933,0,0,0,0,0,0,0,0,0,0.06952784432166592,0,0,0,0,0,0,0,0,0,0,0,0,0,0,0,0.1460828426685444
35,0,0.2674558364699232,0,0,0,0,0,0,0,0,0,0,0,0,0,0,0,0,0,0,0,0,0,0,0,0,0,0,0,0,0.17599350712000864,0,0,0,0,0,0,0,0,0,0,0,0,0,0,0,0,0,0,0,0,0,0,0,0,0,0,0,0,0,0,0,0,0,0,0,0,0,0,0,0,0,0,0.28917075197389497,0,0,0,0,0,0,0,0,0,0.0601645690220408,0,0,0,0,0,0,0,0,0,0,0,0,0,0,0,0.2072153354141323
36,0,0.23373049743772376,0,0,0,0,0,0,0,0,0,0,0,0,0,0,0,0,0,0,0,0,0,0,0,0,0,0,0,0,0.18857501646929473,0,0,0,0,0,0,0,0,0,0,0,0,0,0,0,0,0,0,0,0,0,0,0,0,0,0,0,0,0,0,0,0,0,0,0,0,0,0,0,0,0,0,0.2640419594366177,0,0,0,0,0,0,0,0,0,0.08522295109486573,0,0,0,0,0,0,0,0,0,0,0,0,0,0,0,0.22842957556149815
37,0,0.27937399689573783,0,0,0,0,0,0,0,0,0,0,0,0,0,0,0,0,0,0,0,0,0,0,0,0,0,0,0,0,0.19316908008734343,0,0,0,0,0,0,0,0,0,0,0,0,0,0,0,0,0,0,0,0,0,0,0,0,0,0,0,0,0,0,0,0,0,0,0,0,0,0,0,0,0,0,0.306605386977226,0,0,0,0,0,0,0,0,0,0.07508164461677533,0,0,0,0,0,0,0,0,0,0,0,0,0,0,0,0.14576989142291735
38,0,0.2516668045401388,0,0,0,0,0,0,0,0,0,0,0,0,0,0,0,0,0,0,0,0,0,0,0,0,0,0,0,0,0.16928274694654957,0,0,0,0,0,0,0,0,0,0,0,0,0,0,0,0,0,0,0,0,0,0,0,0,0,0,0,0,0,0,0,0,0,0,0,0,0,0,0,0,0,0,0.33567807941596683,0,0,0,0,0,0,0,0,0,0.0934299190070234,0,0,0,0,0,0,0,0,0,0,0,0,0,0,0,0.1499424500903214
39,0,0.3549221388975977,0,0,0,0,0,0,0,0,0,0,0,0,0,0,0,0,0,0,0,0,0,0,0,0,0,0,0,0,0.16222039023343227,0,0,0,0,0,0,0,0,0,0,0,0,0,0,0,0,0,0,0,0,0,0,0,0,0,0,0,0,0,0,0,0,0,0,0,0,0,0,0,0,0,0,0.24399422658306585,0,0,0,0,0,0,0,0,0,0.10247749623466902,0,0,0,0,0,0,0,0,0,0,0,0,0,0,0,0.1363857480512351
40,0,0.2663974895188666,0,0,0,0,0,0,0,0,0,0,0,0,0,0,0,0,0,0,0,0,0,0,0,0,0,0,0,0,0.23321420093253317,0,0,0,0,0,0,0,0,0,0,0,0,0,0,0,0,0,0,0,0,0,0,0,0,0,0,0,0,0,0,0,0,0,0,0,0,0,0,0,0,0,0,0.26809953358208205,0,0,0,0,0,0,0,0,0,0.0884160895417709,0,0,0,0,0,0,0,0,0,0,0,0,0,0,0,0.14387268642474718
41,0,0.25813002616477826,0,0,0,0,0,0,0,0,0,0,0,0,0,0,0,0,0,0,0,0,0,0,0,0,0,0,0,0,0.19995124095427683,0,0,0,0,0,0,0,0,0,0,0,0,0,0,0,0,0,0,0,0,0,0,0,0,0,0,0,0,0,0,0,0,0,0,0,0,0,0,0,0,0,0,0.3057840250148488,0,0,0,0,0,0,0,0,0,0.0,0,0,0,0,0,0,0,0,0,0,0,0,0,0,0,0.23613470786609606
42,0,0.27684951012300835,0,0,0,0,0,0,0,0,0,0,0,0,0,0,0,0,0,0,0,0,0,0,0,0,0,0,0,0,0.3134125260143805,0,0,0,0,0,0,0,0,0,0,0,0,0,0,0,0,0,0,0,0,0,0,0,0,0,0,0,0,0,0,0,0,0,0,0,0,0,0,0,0,0,0,0.2760026904252601,0,0,0,0,0,0,0,0,0,0.03333704668487667,0,0,0,0,0,0,0,0,0,0,0,0,0,0,0,0.10039822675247435
43,0,0.30929957523020846,0,0,0,0,0,0,0,0,0,0,0,0,0,0,0,0,0,0,0,0,0,0,0,0,0,0,0,0,0.14469297845084028,0,0,0,0,0,0,0,0,0,0,0,0,0,0,0,0,0,0,0,0,0,0,0,0,0,0,0,0,0,0,0,0,0,0,0,0,0,0,0,0,0,0,0.3109980125321837,0,0,0,0,0,0,0,0,0,0.12691168548598464,0,0,0,0,0,0,0,0,0,0,0,0,0,0,0,0.10809774830078293
44,0,0.31814860134263895,0,0,0,0,0,0,0,0,0,0,0,0,0,0,0,0,0,0,0,0,0,0,0,0,0,0,0,0,0.23705913549613375,0,0,0,0,0,0,0,0,0,0,0,0,0,0,0,0,0,0,0,0,0,0,0,0,0,0,0,0,0,0,0,0,0,0,0,0,0,0,0,0,0,0,0.23431619097575934,0,0,0,0,0,0,0,0,0,0.09695280691371225,0,0,0,0,0,0,0,0,0,0,0,0,0,0,0,0.11352326527175566
45,0,0.30866964988607026,0,0,0,0,0,0,0,0,0,0,0,0,0,0,0,0,0,0,0,0,0,0,0,0,0,0,0,0,0.2014678566105343,0,0,0,0,0,0,0,0,0,0,0,0,0,0,0,0,0,0,0,0,0,0,0,0,0,0,0,0,0,0,0,0,0,0,0,0,0,0,0,0,0,0,0.2639134248006324,0,0,0,0,0,0,0,0,0,0.0785800134100723,0,0,0,0,0,0,0,0,0,0,0,0,0,0,0,0.14736905529269073
46,0,0.346811609377426,0,0,0,0,0,0,0,0,0,0,0,0,0,0,0,0,0,0,0,0,0,0,0,0,0,0,0,0,0.2271431502226038,0,0,0,0,0,0,0,0,0,0,0,0,0,0,0,0,0,0,0,0,0,0,0,0,0,0,0,0,0,0,0,0,0,0,0,0,0,0,0,0,0,0,0.28561384947129226,0,0,0,0,0,0,0,0,0,0.04166835364079983,0,0,0,0,0,0,0,0,0,0,0,0,0,0,0,0.09876303728787801
47,0,0.25260636859287555,0,0,0,0,0,0,0,0,0,0,0,0,0,0,0,0,0,0,0,0,0,0,0,0,0,0,0,0,0.19555063268450193,0,0,0,0,0,0,0,0,0,0,0,0,0,0,0,0,0,0,0,0,0,0,0,0,0,0,0,0,0,0,0,0,0,0,0,0,0,0,0,0,0,0,0.33399683872304703,0,0,0,0,0,0,0,0,0,0.1123086168887335,0,0,0,0,0,0,0,0,0,0,0,0,0,0,0,0.1055375431108419
48,0,0.2974847927905187,0,0,0,0,0,0,0,0,0,0,0,0,0,0,0,0,0,0,0,0,0,0,0,0,0,0,0,0,0.22241470341186878,0,0,0,0,0,0,0,0,0,0,0,0,0,0,0,0,0,0,0,0,0,0,0,0,0,0,0,0,0,0,0,0,0,0,0,0,0,0,0,0,0,0,0.2904106007972391,0,0,0,0,0,0,0,0,0,0.11508302334590824,0,0,0,0,0,0,0,0,0,0,0,0,0,0,0,0.07460687965446515
49,0,0.2853536744953913,0,0,0,0,0,0,0,0,0,0,0,0,0,0,0,0,0,0,0,0,0,0,0,0,0,0,0,0,0.23892182778252055,0,0,0,0,0,0,0,0,0,0,0,0,0,0,0,0,0,0,0,0,0,0,0,0,0,0,0,0,0,0,0,0,0,0,0,0,0,0,0,0,0,0,0.2414282670146546,0,0,0,0,0,0,0,0,0,0.08929382715933701,0,0,0,0,0,0,0,0,0,0,0,0,0,0,0,0.14500240354809646
50,0,0.20587606492637803,0,0,0,0,0,0,0,0,0,0,0,0,0,0,0,0,0,0,0,0,0,0,0,0,0,0,0,0,0.27994346611411164,0,0,0,0,0,0,0,0,0,0,0,0,0,0,0,0,0,0,0,0,0,0,0,0,0,0,0,0,0,0,0,0,0,0,0,0,0,0,0,0,0,0,0.2973093506207314,0,0,0,0,0,0,0,0,0,0.1010875146735245,0,0,0,0,0,0,0,0,0,0,0,0,0,0,0,0.1157836036652543
51,0,0.3055391819353795,0,0,0,0,0,0,0,0,0,0,0,0,0,0,0,0,0,0,0,0,0,0,0,0,0,0,0,0,0.22338996052268195,0,0,0,0,0,0,0,0,0,0,0,0,0,0,0,0,0,0,0,0,0,0,0,0,0,0,0,0,0,0,0,0,0,0,0,0,0,0,0,0,0,0,0.25325620706553353,0,0,0,0,0,0,0,0,0,0.11101692503514911,0,0,0,0,0,0,0,0,0,0,0,0,0,0,0,0.10679772544125588
52,0,0.2704141080304382,0,0,0,0,0,0,0,0,0,0,0,0,0,0,0,0,0,0,0,0,0,0,0,0,0,0,0,0,0.24149230311405723,0,0,0,0,0,0,0,0,0,0,0,0,0,0,0,0,0,0,0,0,0,0,0,0,0,0,0,0,0,0,0,0,0,0,0,0,0,0,0,0,0,0,0.28681628287371475,0,0,0,0,0,0,0,0,0,0.09008533699265645,0,0,0,0,0,0,0,0,0,0,0,0,0,0,0,0.11119196898913336
53,0,0.29048744662369413,0,0,0,0,0,0,0,0,0,0,0,0,0,0,0,0,0,0,0,0,0,0,0,0,0,0,0,0,0.17438046153164802,0,0,0,0,0,0,0,0,0,0,0,0,0,0,0,0,0,0,0,0,0,0,0,0,0,0,0,0,0,0,0,0,0,0,0,0,0,0,0,0,0,0,0.24268308566773716,0,0,0,0,0,0,0,0,0,0.11064450764075706,0,0,0,0,0,0,0,0,0,0,0,0,0,0,0,0.18180449853616365
54,0,0.2529473118470858,0,0,0,0,0,0,0,0,0,0,0,0,0,0,0,0,0,0,0,0,0,0,0,0,0,0,0,0,0.22109064186994234,0,0,0,0,0,0,0,0,0,0,0,0,0,0,0,0,0,0,0,0,0,0,0,0,0,0,0,0,0,0,0,0,0,0,0,0,0,0,0,0,0,0,0.27417526450925966,0,0,0,0,0,0,0,0,0,0.06941593661714687,0,0,0,0,0,0,0,0,0,0,0,0,0,0,0,0.18237084515656524
55,0,0.3321329395829402,0,0,0,0,0,0,0,0,0,0,0,0,0,0,0,0,0,0,0,0,0,0,0,0,0,0,0,0,0.11599216821826627,0,0,0,0,0,0,0,0,0,0,0,0,0,0,0,0,0,0,0,0,0,0,0,0,0,0,0,0,0,0,0,0,0,0,0,0,0,0,0,0,0,0,0.23750170831272296,0,0,0,0,0,0,0,0,0,0.13451190421745854,0,0,0,0,0,0,0,0,0,0,0,0,0,0,0,0.1798612796686119
56,0,0.27093833044319576,0,0,0,0,0,0,0,0,0,0,0,0,0,0,0,0,0,0,0,0,0,0,0,0,0,0,0,0,0.22274613365623977,0,0,0,0,0,0,0,0,0,0,0,0,0,0,0,0,0,0,0,0,0,0,0,0,0,0,0,0,0,0,0,0,0,0,0,0,0,0,0,0,0,0,0.2935709003660038,0,0,0,0,0,0,0,0,0,0.11369226164736472,0,0,0,0,0,0,0,0,0,0,0,0,0,0,0,0.09905237388719595
57,0,0.17672821007963194,0,0,0,0,0,0,0,0,0,0,0,0,0,0,0,0,0,0,0,0,0,0,0,0,0,0,0,0,0.2492522194514499,0,0,0,0,0,0,0,0,0,0,0,0,0,0,0,0,0,0,0,0,0,0,0,0,0,0,0,0,0,0,0,0,0,0,0,0,0,0,0,0,0,0,0.2587541308013943,0,0,0,0,0,0,0,0,0,0.15463041925968063,0,0,0,0,0,0,0,0,0,0,0,0,0,0,0,0.16063502040784322
58,0,0.3197981431489241,0,0,0,0,0,0,0,0,0,0,0,0,0,0,0,0,0,0,0,0,0,0,0,0,0,0,0,0,0.17925418024810255,0,0,0,0,0,0,0,0,0,0,0,0,0,0,0,0,0,0,0,0,0,0,0,0,0,0,0,0,0,0,0,0,0,0,0,0,0,0,0,0,0,0,0.2134855179170423,0,0,0,0,0,0,0,0,0,0.07520800517730186,0,0,0,0,0,0,0,0,0,0,0,0,0,0,0,0.21225415350862925
59,0,0.23804054619307816,0,0,0,0,0,0,0,0,0,0,0,0,0,0,0,0,0,0,0,0,0,0,0,0,0,0,0,0,0.1810526890788788,0,0,0,0,0,0,0,0,0,0,0,0,0,0,0,0,0,0,0,0,0,0,0,0,0,0,0,0,0,0,0,0,0,0,0,0,0,0,0,0,0,0,0.2798751682874327,0,0,0,0,0,0,0,0,0,0.16944014597469167,0,0,0,0,0,0,0,0,0,0,0,0,0,0,0,0.13159145046591855
60,0,0.19930149019848306,0,0,0,0,0,0,0,0,0,0,0,0,0,0,0,0,0,0,0,0,0,0,0,0,0,0,0,0,0.22363098402322304,0,0,0,0,0,0,0,0,0,0,0,0,0,0,0,0,0,0,0,0,0,0,0,0,0,0,0,0,0,0,0,0,0,0,0,0,0,0,0,0,0,0,0.3058548588235798,0,0,0,0,0,0,0,0,0,0.16134489582627481,0,0,0,0,0,0,0,0,0,0,0,0,0,0,0,0.1098677711284393
61,0,0.21445356030629187,0,0,0,0,0,0,0,0,0,0,0,0,0,0,0,0,0,0,0,0,0,0,0,0,0,0,0,0,0.2246434864836674,0,0,0,0,0,0,0,0,0,0,0,0,0,0,0,0,0,0,0,0,0,0,0,0,0,0,0,0,0,0,0,0,0,0,0,0,0,0,0,0,0,0,0.3349584838001465,0,0,0,0,0,0,0,0,0,0.09489912643092635,0,0,0,0,0,0,0,0,0,0,0,0,0,0,0,0.13104534297896792
62,0,0.26224850661696597,0,0,0,0,0,0,0,0,0,0,0,0,0,0,0,0,0,0,0,0,0,0,0,0,0,0,0,0,0.19749576115982947,0,0,0,0,0,0,0,0,0,0,0,0,0,0,0,0,0,0,0,0,0,0,0,0,0,0,0,0,0,0,0,0,0,0,0,0,0,0,0,0,0,0,0.29221141533155953,0,0,0,0,0,0,0,0,0,0.1251580600306441,0,0,0,0,0,0,0,0,0,0,0,0,0,0,0,0.1228862568610009
63,0,0.21823338265176345,0,0,0,0,0,0,0,0,0,0,0,0,0,0,0,0,0,0,0,0,0,0,0,0,0,0,0,0,0.2037287875973935,0,0,0,0,0,0,0,0,0,0,0,0,0,0,0,0,0,0,0,0,0,0,0,0,0,0,0,0,0,0,0,0,0,0,0,0,0,0,0,0,0,0,0.28849732386361054,0,0,0,0,0,0,0,0,0,0.11655857753892988,0,0,0,0,0,0,0,0,0,0,0,0,0,0,0,0.17298192834830262
64,0,0.27962005355362335,0,0,0,0,0,0,0,0,0,0,0,0,0,0,0,0,0,0,0,0,0,0,0,0,0,0,0,0,0.25227360074504335,0,0,0,0,0,0,0,0,0,0,0,0,0,0,0,0,0,0,0,0,0,0,0,0,0,0,0,0,0,0,0,0,0,0,0,0,0,0,0,0,0,0,0.3095241188300984,0,0,0,0,0,0,0,0,0,0.05180247048664269,0,0,0,0,0,0,0,0,0,0,0,0,0,0,0,0.10677975638459225
65,0,0.28329121357508474,0,0,0,0,0,0,0,0,0,0,0,0,0,0,0,0,0,0,0,0,0,0,0,0,0,0,0,0,0.24015721240663432,0,0,0,0,0,0,0,0,0,0,0,0,0,0,0,0,0,0,0,0,0,0,0,0,0,0,0,0,0,0,0,0,0,0,0,0,0,0,0,0,0,0,0.266979048469523,0,0,0,0,0,0,0,0,0,0.05602700216502549,0,0,0,0,0,0,0,0,0,0,0,0,0,0,0,0.1535455233837326
66,0,0.3445523846126897,0,0,0,0,0,0,0,0,0,0,0,0,0,0,0,0,0,0,0,0,0,0,0,0,0,0,0,0,0.20303947827309868,0,0,0,0,0,0,0,0,0,0,0,0,0,0,0,0,0,0,0,0,0,0,0,0,0,0,0,0,0,0,0,0,0,0,0,0,0,0,0,0,0,0,0.2371119146748337,0,0,0,0,0,0,0,0,0,0.06355239562912604,0,0,0,0,0,0,0,0,0,0,0,0,0,0,0,0.15174382681025197
67,0,0.22375286657015073,0,0,0,0,0,0,0,0,0,0,0,0,0,0,0,0,0,0,0,0,0,0,0,0,0,0,0,0,0.22272000726046617,0,0,0,0,0,0,0,0,0,0,0,0,0,0,0,0,0,0,0,0,0,0,0,0,0,0,0,0,0,0,0,0,0,0,0,0,0,0,0,0,0,0,0.3284463208204827,0,0,0,0,0,0,0,0,0,0.06877703445244543,0,0,0,0,0,0,0,0,0,0,0,0,0,0,0,0.156303770896455
68,0,0.2492317697713164,0,0,0,0,0,0,0,0,0,0,0,0,0,0,0,0,0,0,0,0,0,0,0,0,0,0,0,0,0.24222130466654257,0,0,0,0,0,0,0,0,0,0,0,0,0,0,0,0,0,0,0,0,0,0,0,0,0,0,0,0,0,0,0,0,0,0,0,0,0,0,0,0,0,0,0.27913080736630586,0,0,0,0,0,0,0,0,0,0.051639012990455056,0,0,0,0,0,0,0,0,0,0,0,0,0,0,0,0.17777710520538006
69,0,0.21637693455270554,0,0,0,0,0,0,0,0,0,0,0,0,0,0,0,0,0,0,0,0,0,0,0,0,0,0,0,0,0.21456176936540575,0,0,0,0,0,0,0,0,0,0,0,0,0,0,0,0,0,0,0,0,0,0,0,0,0,0,0,0,0,0,0,0,0,0,0,0,0,0,0,0,0,0,0.31874095424925114,0,0,0,0,0,0,0,0,0,0.08188322157596428,0,0,0,0,0,0,0,0,0,0,0,0,0,0,0,0.16843712025667343
70,0,0.3327555733899302,0,0,0,0,0,0,0,0,0,0,0,0,0,0,0,0,0,0,0,0,0,0,0,0,0,0,0,0,0.1883266586738444,0,0,0,0,0,0,0,0,0,0,0,0,0,0,0,0,0,0,0,0,0,0,0,0,0,0,0,0,0,0,0,0,0,0,0,0,0,0,0,0,0,0,0.25153402615947257,0,0,0,0,0,0,0,0,0,0.07931151309091253,0,0,0,0,0,0,0,0,0,0,0,0,0,0,0,0.1480722286858402
71,0,0.26026923961540394,0,0,0,0,0,0,0,0,0,0,0,0,0,0,0,0,0,0,0,0,0,0,0,0,0,0,0,0,0.2424122483521235,0,0,0,0,0,0,0,0,0,0,0,0,0,0,0,0,0,0,0,0,0,0,0,0,0,0,0,0,0,0,0,0,0,0,0,0,0,0,0,0,0,0,0.24520239892575202,0,0,0,0,0,0,0,0,0,0.051783788875650764,0,0,0,0,0,0,0,0,0,0,0,0,0,0,0,0.20033232423106984
72,0,0.29032280079776274,0,0,0,0,0,0,0,0,0,0,0,0,0,0,0,0,0,0,0,0,0,0,0,0,0,0,0,0,0.16039883445219666,0,0,0,0,0,0,0,0,0,0,0,0,0,0,0,0,0,0,0,0,0,0,0,0,0,0,0,0,0,0,0,0,0,0,0,0,0,0,0,0,0,0,0.27143599585862144,0,0,0,0,0,0,0,0,0,0.13288650164021762,0,0,0,0,0,0,0,0,0,0,0,0,0,0,0,0.14495586725120155
73,0,0.23462111638057473,0,0,0,0,0,0,0,0,0,0,0,0,0,0,0,0,0,0,0,0,0,0,0,0,0,0,0,0,0.23620820745870463,0,0,0,0,0,0,0,0,0,0,0,0,0,0,0,0,0,0,0,0,0,0,0,0,0,0,0,0,0,0,0,0,0,0,0,0,0,0,0,0,0,0,0.2858892462715262,0,0,0,0,0,0,0,0,0,0.12583655041664915,0,0,0,0,0,0,0,0,0,0,0,0,0,0,0,0.11744487947254534
74,0,0.36994880093681687,0,0,0,0,0,0,0,0,0,0,0,0,0,0,0,0,0,0,0,0,0,0,0,0,0,0,0,0,0.18779867450304563,0,0,0,0,0,0,0,0,0,0,0,0,0,0,0,0,0,0,0,0,0,0,0,0,0,0,0,0,0,0,0,0,0,0,0,0,0,0,0,0,0,0,0.289019592396352,0,0,0,0,0,0,0,0,0,0.06714741299102168,0,0,0,0,0,0,0,0,0,0,0,0,0,0,0,0.08608551917276389
75,0,0.2842286458647984,0,0,0,0,0,0,0,0,0,0,0,0,0,0,0,0,0,0,0,0,0,0,0,0,0,0,0,0,0.22600962732897842,0,0,0,0,0,0,0,0,0,0,0,0,0,0,0,0,0,0,0,0,0,0,0,0,0,0,0,0,0,0,0,0,0,0,0,0,0,0,0,0,0,0,0.2792029899539092,0,0,0,0,0,0,0,0,0,0.12379216481294208,0,0,0,0,0,0,0,0,0,0,0,0,0,0,0,0.08676657203937208
76,0,0.23506072763913002,0,0,0,0,0,0,0,0,0,0,0,0,0,0,0,0,0,0,0,0,0,0,0,0,0,0,0,0,0.25572650634452543,0,0,0,0,0,0,0,0,0,0,0,0,0,0,0,0,0,0,0,0,0,0,0,0,0,0,0,0,0,0,0,0,0,0,0,0,0,0,0,0,0,0,0.253942997102447,0,0,0,0,0,0,0,0,0,0.09085215178932265,0,0,0,0,0,0,0,0,0,0,0,0,0,0,0,0.16441761712457506
77,0,0.19983706762237227,0,0,0,0,0,0,0,0,0,0,0,0,0,0,0,0,0,0,0,0,0,0,0,0,0,0,0,0,0.1935734727785539,0,0,0,0,0,0,0,0,0,0,0,0,0,0,0,0,0,0,0,0,0,0,0,0,0,0,0,0,0,0,0,0,0,0,0,0,0,0,0,0,0,0,0.312326518649933,0,0,0,0,0,0,0,0,0,0.09815168642636903,0,0,0,0,0,0,0,0,0,0,0,0,0,0,0,0.19611125452277176
78,0,0.2706311082357435,0,0,0,0,0,0,0,0,0,0,0,0,0,0,0,0,0,0,0,0,0,0,0,0,0,0,0,0,0.16878598216181792,0,0,0,0,0,0,0,0,0,0,0,0,0,0,0,0,0,0,0,0,0,0,0,0,0,0,0,0,0,0,0,0,0,0,0,0,0,0,0,0,0,0,0.27505749674796404,0,0,0,0,0,0,0,0,0,0.12722705018260402,0,0,0,0,0,0,0,0,0,0,0,0,0,0,0,0.1582983626718706
79,0,0.2827359152112181,0,0,0,0,0,0,0,0,0,0,0,0,0,0,0,0,0,0,0,0,0,0,0,0,0,0,0,0,0.1655540766446777,0,0,0,0,0,0,0,0,0,0,0,0,0,0,0,0,0,0,0,0,0,0,0,0,0,0,0,0,0,0,0,0,0,0,0,0,0,0,0,0,0,0,0.296360187468236,0,0,0,0,0,0,0,0,0,0.11159944099141542,0,0,0,0,0,0,0,0,0,0,0,0,0,0,0,0.14375037968445292
80,0,0.29267889133305625,0,0,0,0,0,0,0,0,0,0,0,0,0,0,0,0,0,0,0,0,0,0,0,0,0,0,0,0,0.1494595552616823,0,0,0,0,0,0,0,0,0,0,0,0,0,0,0,0,0,0,0,0,0,0,0,0,0,0,0,0,0,0,0,0,0,0,0,0,0,0,0,0,0,0,0.2965838938380631,0,0,0,0,0,0,0,0,0,0.1525374847437598,0,0,0,0,0,0,0,0,0,0,0,0,0,0,0,0.10874017482343844
81,0,0.2974765547717406,0,0,0,0,0,0,0,0,0,0,0,0,0,0,0,0,0,0,0,0,0,0,0,0,0,0,0,0,0.22753965045293248,0,0,0,0,0,0,0,0,0,0,0,0,0,0,0,0,0,0,0,0,0,0,0,0,0,0,0,0,0,0,0,0,0,0,0,0,0,0,0,0,0,0,0.24356469001828682,0,0,0,0,0,0,0,0,0,0.07622595982703233,0,0,0,0,0,0,0,0,0,0,0,0,0,0,0,0.15519314493000771
82,0,0.34896433637001495,0,0,0,0,0,0,0,0,0,0,0,0,0,0,0,0,0,0,0,0,0,0,0,0,0,0,0,0,0.1723005476544,0,0,0,0,0,0,0,0,0,0,0,0,0,0,0,0,0,0,0,0,0,0,0,0,0,0,0,0,0,0,0,0,0,0,0,0,0,0,0,0,0,0,0.28635769695069024,0,0,0,0,0,0,0,0,0,0.05832464223730726,0,0,0,0,0,0,0,0,0,0,0,0,0,0,0,0.1340527767875875
83,0,0.38352634060609425,0,0,0,0,0,0,0,0,0,0,0,0,0,0,0,0,0,0,0,0,0,0,0,0,0,0,0,0,0.17141405749141628,0,0,0,0,0,0,0,0,0,0,0,0,0,0,0,0,0,0,0,0,0,0,0,0,0,0,0,0,0,0,0,0,0,0,0,0,0,0,0,0,0,0,0.2865866147635521,0,0,0,0,0,0,0,0,0,0.056282202795212545,0,0,0,0,0,0,0,0,0,0,0,0,0,0,0,0.10219078434372468
84,0,0.3075132338083469,0,0,0,0,0,0,0,0,0,0,0,0,0,0,0,0,0,0,0,0,0,0,0,0,0,0,0,0,0.18545627275858276,0,0,0,0,0,0,0,0,0,0,0,0,0,0,0,0,0,0,0,0,0,0,0,0,0,0,0,0,0,0,0,0,0,0,0,0,0,0,0,0,0,0,0.26550986891595285,0,0,0,0,0,0,0,0,0,0.14180743978242838,0,0,0,0,0,0,0,0,0,0,0,0,0,0,0,0.09971318473468914
85,0,0.23963850909783233,0,0,0,0,0,0,0,0,0,0,0,0,0,0,0,0,0,0,0,0,0,0,0,0,0,0,0,0,0.17920130703348933,0,0,0,0,0,0,0,0,0,0,0,0,0,0,0,0,0,0,0,0,0,0,0,0,0,0,0,0,0,0,0,0,0,0,0,0,0,0,0,0,0,0,0.24431147276075313,0,0,0,0,0,0,0,0,0,0.10634175928530598,0,0,0,0,0,0,0,0,0,0,0,0,0,0,0,0.23050695182261932
86,0,0.24612567318691364,0,0,0,0,0,0,0,0,0,0,0,0,0,0,0,0,0,0,0,0,0,0,0,0,0,0,0,0,0.21439401065748434,0,0,0,0,0,0,0,0,0,0,0,0,0,0,0,0,0,0,0,0,0,0,0,0,0,0,0,0,0,0,0,0,0,0,0,0,0,0,0,0,0,0,0.25222290800670955,0,0,0,0,0,0,0,0,0,0.05654397475721723,0,0,0,0,0,0,0,0,0,0,0,0,0,0,0,0.23071343339167533
87,0,0.278530847053644,0,0,0,0,0,0,0,0,0,0,0,0,0,0,0,0,0,0,0,0,0,0,0,0,0,0,0,0,0.20429543594193392,0,0,0,0,0,0,0,0,0,0,0,0,0,0,0,0,0,0,0,0,0,0,0,0,0,0,0,0,0,0,0,0,0,0,0,0,0,0,0,0,0,0,0.30204172292373005,0,0,0,0,0,0,0,0,0,0.08586711203701075,0,0,0,0,0,0,0,0,0,0,0,0,0,0,0,0.1292648820436811
88,0,0.19369429685480302,0,0,0,0,0,0,0,0,0,0,0,0,0,0,0,0,0,0,0,0,0,0,0,0,0,0,0,0,0.3165917652909217,0,0,0,0,0,0,0,0,0,0,0,0,0,0,0,0,0,0,0,0,0,0,0,0,0,0,0,0,0,0,0,0,0,0,0,0,0,0,0,0,0,0,0.3223658207570726,0,0,0,0,0,0,0,0,0,0.06993955404888347,0,0,0,0,0,0,0,0,0,0,0,0,0,0,0,0.09740856304831919
89,0,0.2878312831911098,0,0,0,0,0,0,0,0,0,0,0,0,0,0,0,0,0,0,0,0,0,0,0,0,0,0,0,0,0.25188983507465595,0,0,0,0,0,0,0,0,0,0,0,0,0,0,0,0,0,0,0,0,0,0,0,0,0,0,0,0,0,0,0,0,0,0,0,0,0,0,0,0,0,0,0.2828080391524712,0,0,0,0,0,0,0,0,0,0.04018797016922667,0,0,0,0,0,0,0,0,0,0,0,0,0,0,0,0.13728287241253637
90,0,0.29636348908792787,0,0,0,0,0,0,0,0,0,0,0,0,0,0,0,0,0,0,0,0,0,0,0,0,0,0,0,0,0.19615538429125035,0,0,0,0,0,0,0,0,0,0,0,0,0,0,0,0,0,0,0,0,0,0,0,0,0,0,0,0,0,0,0,0,0,0,0,0,0,0,0,0,0,0,0.2374773160962164,0,0,0,0,0,0,0,0,0,0.06921462582929122,0,0,0,0,0,0,0,0,0,0,0,0,0,0,0,0.2007891846953142
91,0,0.21595308570741692,0,0,0,0,0,0,0,0,0,0,0,0,0,0,0,0,0,0,0,0,0,0,0,0,0,0,0,0,0.20741856946190054,0,0,0,0,0,0,0,0,0,0,0,0,0,0,0,0,0,0,0,0,0,0,0,0,0,0,0,0,0,0,0,0,0,0,0,0,0,0,0,0,0,0,0.29303482017452204,0,0,0,0,0,0,0,0,0,0.07269160304858992,0,0,0,0,0,0,0,0,0,0,0,0,0,0,0,0.21090192160757054
92,0,0.27223094061418573,0,0,0,0,0,0,0,0,0,0,0,0,0,0,0,0,0,0,0,0,0,0,0,0,0,0,0,0,0.2203008376084536,0,0,0,0,0,0,0,0,0,0,0,0,0,0,0,0,0,0,0,0,0,0,0,0,0,0,0,0,0,0,0,0,0,0,0,0,0,0,0,0,0,0,0.2468717554195158,0,0,0,0,0,0,0,0,0,0.0777488457404314,0,0,0,0,0,0,0,0,0,0,0,0,0,0,0,0.1828476206174134
93,0,0.39295906423228455,0,0,0,0,0,0,0,0,0,0,0,0,0,0,0,0,0,0,0,0,0,0,0,0,0,0,0,0,0.1634429318133562,0,0,0,0,0,0,0,0,0,0,0,0,0,0,0,0,0,0,0,0,0,0,0,0,0,0,0,0,0,0,0,0,0,0,0,0,0,0,0,0,0,0,0.28101670831752323,0,0,0,0,0,0,0,0,0,0.04713334781522863,0,0,0,0,0,0,0,0,0,0,0,0,0,0,0,0.11544794782160744
94,0,0.23541773658586115,0,0,0,0,0,0,0,0,0,0,0,0,0,0,0,0,0,0,0,0,0,0,0,0,0,0,0,0,0.2030696767410253,0,0,0,0,0,0,0,0,0,0,0,0,0,0,0,0,0,0,0,0,0,0,0,0,0,0,0,0,0,0,0,0,0,0,0,0,0,0,0,0,0,0,0.3281581044015053,0,0,0,0,0,0,0,0,0,0.10788193866780822,0,0,0,0,0,0,0,0,0,0,0,0,0,0,0,0.12547254360380006
95,0,0.30915077634587157,0,0,0,0,0,0,0,0,0,0,0,0,0,0,0,0,0,0,0,0,0,0,0,0,0,0,0,0,0.1965947967620805,0,0,0,0,0,0,0,0,0,0,0,0,0,0,0,0,0,0,0,0,0,0,0,0,0,0,0,0,0,0,0,0,0,0,0,0,0,0,0,0,0,0,0.2433262178431287,0,0,0,0,0,0,0,0,0,0.10893523041686658,0,0,0,0,0,0,0,0,0,0,0,0,0,0,0,0.14199297863205257
96,0,0.2874532729524791,0,0,0,0,0,0,0,0,0,0,0,0,0,0,0,0,0,0,0,0,0,0,0,0,0,0,0,0,0.15876006094981532,0,0,0,0,0,0,0,0,0,0,0,0,0,0,0,0,0,0,0,0,0,0,0,0,0,0,0,0,0,0,0,0,0,0,0,0,0,0,0,0,0,0,0.26644845368375863,0,0,0,0,0,0,0,0,0,0.14793120844002902,0,0,0,0,0,0,0,0,0,0,0,0,0,0,0,0.1394070039739181
97,0,0.28774704665692885,0,0,0,0,0,0,0,0,0,0,0,0,0,0,0,0,0,0,0,0,0,0,0,0,0,0,0,0,0.17957067890163592,0,0,0,0,0,0,0,0,0,0,0,0,0,0,0,0,0,0,0,0,0,0,0,0,0,0,0,0,0,0,0,0,0,0,0,0,0,0,0,0,0,0,0.30432785513685284,0,0,0,0,0,0,0,0,0,0.18969263598170616,0,0,0,0,0,0,0,0,0,0,0,0,0,0,0,0.03866178332287642
98,0,0.2135055625808718,0,0,0,0,0,0,0,0,0,0,0,0,0,0,0,0,0,0,0,0,0,0,0,0,0,0,0,0,0.17310688659258303,0,0,0,0,0,0,0,0,0,0,0,0,0,0,0,0,0,0,0,0,0,0,0,0,0,0,0,0,0,0,0,0,0,0,0,0,0,0,0,0,0,0,0.28334529415937654,0,0,0,0,0,0,0,0,0,0.10822125511229143,0,0,0,0,0,0,0,0,0,0,0,0,0,0,0,0.22182100155487713
99,0,0.32784850378479397,0,0,0,0,0,0,0,0,0,0,0,0,0,0,0,0,0,0,0,0,0,0,0,0,0,0,0,0,0.27624213537025843,0,0,0,0,0,0,0,0,0,0,0,0,0,0,0,0,0,0,0,0,0,0,0,0,0,0,0,0,0,0,0,0,0,0,0,0,0,0,0,0,0,0,0.23247842171188549,0,0,0,0,0,0,0,0,0,0.019188543416601953,0,0,0,0,0,0,0,0,0,0,0,0,0,0,0,0.14424239571646022
