Mutation type,Trinucleotide,Stomach-AdenoCA::MSI-H.S.1,Stomach-AdenoCA::MSI-H.S.2,Stomach-AdenoCA::MSI-H.S.3,Stomach-AdenoCA::MSI-H.S.4,Stomach-AdenoCA::MSI-H.S.5,Stomach-AdenoCA::MSI-H.S.6,Stomach-AdenoCA::MSI-H.S.7,Stomach-AdenoCA::MSI-H.S.8,Stomach-AdenoCA::MSI-H.S.9
C>A,ACA,-456.59305337402907,113.60876838512013,67.99128754178872,-185.16358110557917,-325.9230661776842,-115.98141775205136,-9.813700163702578,137.09000390170831,-358.9380012681678
C>A,ACC,26.332145379227086,106.37400940192813,33.0559527366386,-93.40101335264524,-154.94055822431278,186.6764579465289,-1.5636969612396854,62.844403850026765,54.753650454745866
C>A,ACG,-55.76516539062226,18.895654146226256,4.767458483571488,-20.435157465740886,-3.711336375094021,87.90260106457606,5.938822437468122,-11.94034593059277,-48.19208997574458
C>A,ACT,-95.09960606683421,94.37663025603584,82.81982766969219,-124.68746947082292,94.27570237451971,153.9341989460595,-30.275794444865625,-280.00147619613267,-187.18338570936407
C>A,CCA,42.13840408933174,-1332.7319701515053,-1529.2057707122954,365.01166818768223,-189.19744466398652,-1797.675340907217,-164.89382556647718,-78.6264652250403,945.169715579465
C>A,CCC,-1008.4678974327212,-290.8704371759211,-341.6029285179611,-110.3662089212803,467.66724369738677,30.86625454657451,-400.7724359220349,-408.83054460686276,770.6728442294807
C>A,CCG,-119.23206274283439,73.4676588104883,-58.57527512718812,17.24402655086027,315.6288853774271,130.30524621354994,50.14564540410346,30.719068629938647,23.54788076786349
C>A,CCT,330.73513719933544,382.0384997374831,497.59421976063095,-493.3220696801093,816.285244798697,26.405934539587633,172.82445732168276,-602.3965532682573,-698.2766452676005
C>A,GCA,-279.7671142646718,63.6833898596052,-77.89582450571083,31.35953004367758,-131.20837212190418,-1152.8870403471783,-16.204532118393104,46.88935219250618,-216.74715834214066
C>A,GCC,958.8958435436116,8.563279462314767,54.386216363223866,-23.82070149620148,73.91194955857225,-162.63271225397443,-46.393739347478714,51.72219607338707,-121.35009476581854
C>A,GCG,148.14780046030103,29.924295912948793,-1.9078400289487547,2.048697906451949,111.45516142024081,81.55717022041262,1.9965410375810393,72.99133923906763,80.73746340422531
C>A,GCT,7.913858685485138,19.714789704137957,1235.5360336651902,92.31248744878059,-61.0489878348028,-546.141100812712,95.98254046765732,-53.31934155790782,-367.9250976046692
C>A,TCA,-63.34574591169758,-583.2750355142434,231.22518721028064,180.96209309458027,-220.37986009764677,123.80704471832269,-20.448260935275812,363.8956725681576,50.06729923832597
C>A,TCC,70.24542982788307,39.657506677390984,22.94702008753461,98.12848524166185,380.27384887740345,-729.2773728829013,-25.256363917582178,-31.68207360998258,-65.80026839276502
C>A,TCG,162.78149138065436,-12.990277768499688,-25.212468666535152,38.61043360918352,156.12253763208648,-139.95461826592947,-6.489534927830881,3.01248876691713,7.6662018829949545
C>A,TCT,205.1230666896281,-116.26445116466277,56.57348653491317,-43.17450851865374,-209.9912223119279,-1180.430489219244,77.92455544321149,-48.1185613244279,-371.05748928584217
C>G,ACA,397.7783083174213,280.42769470532204,-13.088330522748493,-76.54532338419585,-242.81197394614264,-500.2681960265577,-19.671424262389962,587.153495795723,309.3690840091963
C>G,ACC,299.90976556032706,152.53395033339663,-14.712820980833925,-15.002836221584232,204.5343101024199,605.3701030740987,-4.2767518914390195,161.17695532621678,-35.414993102446715
C>G,ACG,108.08641348185421,-5.011365565665656,-13.13552699935665,-5.657139113469931,57.6431616193824,-129.20010564618673,8.008146747001012,21.23416081036231,-34.49987142473536
C>G,ACT,-569.4167859077224,74.85480090801346,71.84470528344087,-66.49068900434384,184.6394620488186,-163.73871671884103,6.185950337821055,-114.50605097007178,-44.461362587009944
C>G,CCA,102.22971055091443,8.077265092685124,40.90602436954683,-56.59308367167199,109.0985756705553,-13.134598017882581,20.932863163284473,-223.86019159724242,-275.5274631873266
C>G,CCC,-151.6173691116628,61.51648127751119,-11.269831449959696,48.16776682043968,1132.121090077308,747.2994690095534,73.54684710662346,643.1803428011963,-65.29738688095824
C>G,CCG,202.3211840784026,42.72416240128739,28.702810725279335,-14.251572328878993,421.603578172776,-187.3873611682094,10.431045556898994,-53.9459067773507,-73.63091064184331
C>G,CCT,95.46338412526711,127.03418539849707,31.378409835756656,91.6509195372114,396.1697264005164,-214.1968147952864,45.50625175453439,281.51249835101385,99.96272485374845
C>G,GCA,-36.363275970668155,41.05931056824636,18.957434706813643,0.25071834542100646,468.22238477362066,-282.8614221574437,5.277006373027923,-135.24843640623385,-33.57596702828158
C>G,GCC,134.79533063464942,63.402914210736014,73.85729975953876,-30.53335214005125,-9.637544612027,-113.21041432299103,56.89751139957795,-286.32533815877923,63.33727795934033
C>G,GCG,3.6391335488808068,-0.8546143482087771,6.2049911967189,4.294547152943707,4.135221707849894,28.019738721799968,-2.5845084928851207,-35.23798294391507,-25.857670927307424
C>G,GCT,151.14511516228004,107.53779740991695,45.18521007649349,-70.12876465571622,230.62898690361033,-272.9082715772947,-5.708987565240392,-103.83553853386525,90.80864586777
C>G,TCA,-26.720315738099316,39.981143122460054,58.25779500748152,-84.31519711168062,182.74246232319558,-156.83112084827098,79.13994177260801,46.70341655559105,-189.6112302376348
C>G,TCC,-157.6518115018905,74.81920004940298,20.16997355923803,-141.93524283161094,239.58068360135906,233.49427781206055,-29.591781765122903,217.83371997696986,-64.13404121920922
C>G,TCG,-24.933735350231018,20.000278344931928,-6.124674387695045,6.158402408796292,-15.370425476843309,-75.48345704497217,0.7522787915378064,7.4749307417313275,-54.101350858019785
C>G,TCT,-201.99050704913998,-13.149819927719136,58.00365926471761,-69.22087858627208,-341.8363049924146,558.6872696667315,-1.5196610806677882,-17.66414345386579,-397.9663391354702
C>T,ACA,-875.1395799555848,920.5160267269398,26.24190831191663,-851.7757980320675,1371.497414616108,313.7821709927657,302.2153110561694,1309.0993676539365,308.1102609642594
C>T,ACC,512.1906908479668,160.44381275836167,-7.056903819636773,-133.02709036576243,745.3142226654713,-1136.7271420275283,21.417436578247475,930.8420420740545,-145.28912801915203
C>T,ACG,-346.2388536487615,-2184.4151865221484,-734.414363879494,1425.1576065477493,-2280.7457576886027,-22.17770237998957,318.15889488728817,-890.5524546617362,694.9939749712712
C>T,ACT,-1380.1896782673757,756.7083678112743,176.13668863722341,-11.603301386723615,319.0954943867696,2226.1919432611894,-79.71543428256848,-1112.3333532494516,-1004.0279957663424
C>T,CCA,-219.98156891759254,-56.7796453169633,358.9167925520869,-66.28510579910653,638.6492497123882,466.3147383562732,-65.53670771720795,736.4998194684615,37.729435267158806
C>T,CCC,1614.6305742110553,-381.0000449434708,7.36354551936347,94.40950509288996,214.547663038074,-451.34319956380205,58.94758558952162,324.9698174306477,-483.6849918266423
C>T,CCG,664.7395058435941,2257.53004296455,334.1034184873688,-1886.3130600609602,220.21464123804617,-1102.0501389481387,-331.94653561772157,784.2684747202838,-442.49006809468665
C>T,CCT,-352.5788151897632,-280.9181687478524,-55.9530666745859,-195.16979404481958,-1091.648194263023,1874.2521730487979,-8.661913964113296,-332.78770925579624,580.0556053413443
C>T,GCA,10.977017698235613,-1369.4210154512175,-262.0286190417519,436.24039227076173,-1808.539284315808,622.5262861916672,-119.88071913559202,73.99653520838729,-1213.00923540652
C>T,GCC,986.554966210404,-746.1234653055926,-803.2013278836585,675.7675423531318,-3898.568998444327,-2248.0753694296563,-106.40280398583081,-587.6354874480476,437.11912983592083
C>T,GCG,-1006.1870108984531,1545.26856722718,692.7378462974084,-1206.7374541394584,3629.7627918818,1294.0258525132413,-157.16037329565006,229.0329369633455,-650.3205967651911
C>T,GCT,1626.2261043642839,-537.0993284920214,-122.93371791079426,1771.0851319543833,-2098.307940300072,497.8457268751008,-146.63829934928685,630.0312672436839,2795.4095127578776
C>T,TCA,-917.044417979193,-931.931353079141,182.0156206275774,-142.19736470522253,-1142.786243298055,-1260.8779277476806,-19.402679460046045,482.5699717332295,132.20953084755456
C>T,TCC,-123.26983836253521,32.20246513216898,-330.3358057844807,162.49169918576285,53.203741974246896,234.0742514413405,101.30633085871523,-1004.3365435220728,471.96951108104304
C>T,TCG,2170.0882577501206,-74.92361970030879,470.14923970155587,1245.06806701168,-497.7766294899957,-626.7380773043515,-198.55534439775056,916.5322575121554,-134.21659697904897
C>T,TCT,1364.2616451029908,-89.58553746913395,-296.36093542416086,38.38401384735312,300.66334921272437,-767.4244616115643,35.26804481289946,-684.7865688890115,-381.43390869422956
T>A,ATA,907.9204845441764,194.69967833173922,152.6043729515472,-38.28541516829364,400.50774679651465,191.9967419541747,31.478033457306708,169.05868804432907,-74.92016577983702
T>A,ATC,-226.55703496884257,165.1592452200939,-51.029873534589115,-44.92710460364748,-215.95580906788166,492.58329193939403,-34.96126900514635,154.9445842686937,84.8945890745656
T>A,ATG,-306.4562875101144,49.58085335495227,127.53705581526305,72.70103630352202,-185.55507826961616,399.3071536392149,-21.13970965746384,248.72155166205528,-269.9640008624832
T>A,ATT,280.4897278826352,-44.88370692827618,80.69396143974791,-70.87592036803335,304.00782680860357,-40.24829001849116,-63.99575270296009,-454.15816179932744,221.71331282824667
T>A,CTA,99.53133572244388,12.84510263354845,-7.572406685959578,36.57340292183153,346.15567355129525,-133.2025873281318,6.907252862735852,29.000235177285788,-72.06648373786271
T>A,CTC,-62.60025547433224,54.849136982061395,72.84972856840534,31.235970236864944,94.05956507348776,-256.6995405283458,18.836646632129316,-196.5281178813085,-28.50579021423846
T>A,CTG,-3.090041814714141,44.779191755737116,50.64144920914133,-48.40032947319983,-133.13848853775062,39.933724258263396,29.932070228425687,-152.56214503597852,24.867990854808852
T>A,CTT,-40.13580229401896,20.372299816602094,-3.1060646741116216,-14.976338205461133,-101.22627617135345,-155.85088441125117,-34.83245508145819,-13.016325977009046,-256.50430847984825
T>A,GTA,414.11622332005675,48.085634200621655,49.122129325699376,-3.927986252026443,132.0187010608692,-124.80920869680006,7.958253307901515,-50.16211959889023,-34.32684690640963
T>A,GTC,91.89945857735944,26.680202089741158,57.3800227592227,-53.409269412435464,263.7160278911094,55.414623819870656,17.811868349316228,-52.51891649301098,-281.8493455756952
T>A,GTG,-168.43093711068332,49.284590127845775,61.799913007333885,-65.1454391733223,4.959069842278211,-77.8455744288276,1.6247647662141276,148.4653357288209,-36.31466804722163
T>A,GTT,82.73752807310586,52.59152325487844,9.450871871232437,-43.439881055392306,-87.89434078911859,168.9688971892391,-17.634730919721534,-97.77779304533419,101.9758563262551
T>A,TTA,-52.0307590684738,27.22501932203835,-159.51579804014955,-187.13286872872698,-307.8962579108961,-265.99017527026876,14.817395677182674,-92.1595577827228,77.1403496824837
T>A,TTC,-68.67698089651526,70.34542340274177,-20.48375350647565,15.928172651476757,-104.6560967914038,-108.78077238641538,-26.767209434654816,-17.69155074477527,-16.014817049358726
T>A,TTG,-71.19609182207728,97.50616564078639,-4.393029831771102,1.6161675056146123,133.28291068733859,158.17351231463908,35.08629553984692,-14.906755257811426,-115.80844082568456
T>A,TTT,-45.53255398704414,160.00565994691078,8.06598789917689,-62.49125435414294,-61.8316021116334,-2.3713754765192334,30.909180575013977,480.91274614373174,-326.4271210318361
T>C,ATA,599.6749986835603,-355.57717405664766,28.60168015181989,375.0237396878015,-1875.4848680117984,2907.538855400873,35.10224964915869,637.9058843651637,-402.1906242733985
T>C,ATC,-48.45192104873536,-16.26230249131413,-41.939665623364704,209.43671509488297,551.9759858628263,-751.994101887422,-5.413391868014145,281.3311269533276,415.800287209275
T>C,ATG,-2613.606394688645,-278.1727854556475,-242.519844382236,191.23901413603176,954.5250985333614,740.8329088172231,183.9222767497206,57.52250478169799,-587.574771594037
T>C,ATT,976.9258016159129,84.66970572641344,235.6748693361676,-197.97100170939757,3214.318853264602,-1719.7527953207846,-56.935528570428346,-1381.8129919773341,601.3975454639303
T>C,CTA,-398.92873464006334,68.54469179194234,-242.15807105454815,342.41893658789127,541.6955407539349,-704.1305940636757,-59.381790367463054,-384.2585876548078,201.3231608450542
T>C,CTC,55.57507532884597,74.07990377563482,-236.22223935299928,142.6574796442345,413.48647349035673,-421.1505836306717,-259.35722059716784,10.56313003653031,-207.32478753929763
T>C,CTG,-631.0440496676756,567.8670343545198,642.4132019784638,-470.4845696399634,300.74738689661217,-755.6283383861241,130.23017135012788,72.07820528131833,707.7343243825553
T>C,CTT,-775.6570891009242,-153.44869179109492,-202.30186735185453,-395.3521543406466,-326.8624151382264,-54.62154126976884,76.88237154863828,72.65373693412857,34.111488372221174
T>C,GTA,-192.4471820079484,407.7699487483005,294.5636981763396,-220.18418500361258,-668.7033926449894,-1278.3642528867304,-214.07551215636045,-133.0472678237893,-1217.1314418823458
T>C,GTC,-180.24799101190342,116.04191730985576,-397.6028998127417,-167.01071170102784,-381.1053911500055,374.5022507560625,-66.18349971630653,-107.16814349328524,-886.243546562262
T>C,GTG,-371.15223728883484,-196.74948369273807,-110.62307946613873,281.789107684476,717.8180534439466,221.33366084705358,-99.48534714835819,-403.300009611685,677.1975789953667
T>C,GTT,-299.60275737786196,-474.1907274848463,-265.15959837763694,184.25726792991145,-1487.2068019258018,-307.65969788436814,-66.75867404080446,-287.86629408286353,1518.0052215769592
T>C,TTA,-619.74189806798,157.16300011768908,253.10233916708694,86.48119688908105,-383.56097871623524,433.37105419170393,-54.38138899122191,-76.47029049059256,260.9946327256166
T>C,TTC,204.22007300524865,-150.84177154535018,-256.18653210038633,25.28717663712223,-598.8338388458542,761.4164566660406,30.502988429527704,-617.2742838734141,458.8011459007075
T>C,TTG,326.5893977634537,296.1397006381353,-185.73118105669937,-82.2308392672785,-275.3544603375658,-489.69427996261766,21.959260851969475,-444.109521157636,1383.6094550561038
T>C,TTT,1582.878019140765,29.737557528050502,7.6519087245214905,-391.0737767071614,1101.1063168467458,-463.05220732478847,208.12899419168195,-370.1056848219491,-1540.4862594089518
T>G,ATA,-77.51687906498762,41.8639627049523,41.89124232938212,-70.89698253546337,155.70503686910592,-174.42000386942914,8.238768962930088,-41.72458042602079,-21.875109048298384
T>G,ATC,-54.033557241324786,-11.973591167074616,36.99830082010999,-13.448122334649156,-130.49030723314047,-50.84506930175485,4.137035966936189,-94.019168066904,-5.341336993717448
T>G,ATG,95.90083637964199,-40.470249696099586,-0.008051148675463082,-56.13805927351774,-211.5171661949247,653.0113733697412,14.449416585074651,-59.421210664445766,-163.86057121229396
T>G,ATT,29.77341229278761,-102.60114641286157,1.709829617242633,199.48494910810643,210.74335947143538,61.48177626244615,-5.873627722135666,100.5099869300368,37.95162061105316
T>G,CTA,26.57315288806376,48.49886512064211,10.837162228634469,4.411012785221928,69.08796848373845,256.16145496305586,5.060467525270063,-88.0590509714826,85.88755531695148
T>G,CTC,148.975677392673,151.42000227931493,20.409700642129394,59.61028254301061,-144.3467280136149,241.18276591958545,18.57983118389967,-98.17173483818829,-65.42828132630962
T>G,CTG,-307.6071988939708,117.11698935667226,79.58155916597661,80.24827793426914,-329.49627832443855,95.3514031210184,59.920630951578204,-147.09739580693974,-82.78854677347476
T>G,CTT,-331.4687951200474,23.450610504384485,-42.095460363934876,-41.85033260227419,-124.14494284525495,-3.6306865831520554,-53.551772098177935,158.97457569395704,129.35693205798816
T>G,GTA,154.6867997925059,25.249519607717858,20.45717696027343,-23.640033501759163,-44.47698017980133,-241.750610948756,16.90231150665848,88.8385709492866,-62.372425686427135
T>G,GTC,-129.9122479442737,-8.703672861527778,37.40635664103789,27.34448714804212,95.97366074379565,58.49479996220464,24.13256479015793,6.883490450809234,-50.21313556799578
T>G,GTG,-217.6055233966847,61.887255195979535,12.704870262367365,17.44369922531675,-207.1606780974397,-333.5793343208014,-3.1146652458803743,285.8585664166923,-41.46341715026557
T>G,GTT,287.85171750174345,7.33447195089218,-24.70907136076721,398.7366214378526,86.31241075686813,79.49868549445318,185.84115000850318,33.50339308823425,-170.5185242705279
T>G,TTA,588.7676927417268,-5.926714984365049,-22.855971189118975,-43.28270180586077,-181.62655467614036,-169.8905628102725,-7.664702277592355,-12.923253893970639,-53.93202608110107
T>G,TTC,-148.75650811876824,-20.760587053947432,-30.425965602770475,47.02228329043663,907.1196258415838,-160.54982920353598,24.25385556784427,34.89389969693053,-145.11198346333947
T>G,TTG,-256.58922506197246,88.3473616042217,-27.46666675263623,41.49343396598579,-52.32870678795132,-23.19761343000937,-18.57733184476092,-89.09812597985865,-4.245574924797893
T>G,TTT,-149.2353420365148,-127.17768977929609,-114.4616265852435,-237.64738265980554,-435.707707451596,-713.465700011413,56.66604350291277,-387.09622613014744,-405.97412156068935
