Mutation type,Trinucleotide,SBS1,SBS2,SBS4,SBS5,SBS12,SBS13,SBS18,SBS22a,SBS22b,SBS40a,SBS40b,SBS40c
C>A,ACA,0.000886157,5.8e-07,0.042196498,0.0119976,0.004520592,0.00181992,0.051533859,0.006046172,0.006086541,0.036395305,0.014007124,0.00375776
C>A,ACC,0.002280405,0.000148004,0.033297236,0.009438112,0.001130148,0.000720968,0.015810387,9.45e-05,0.003802506,0.016772493,0.004719804,0.006283197
C>A,ACG,0.000177031,5.23e-05,0.015598705,0.00184963,0.000540071,0.000263988,0.002431598,0.000790362,0.000980017,0.003747968,0.001139655,0.002019124
C>A,ACT,0.001280227,9.78e-05,0.029497552,0.006608678,0.00122016,0.000347985,0.02141407,0.001729623,0.003566008,0.015434802,0.004952959,0.008175782
C>A,CCA,0.000312055,0.000208006,0.080693302,0.007428514,0.00542071,0.001399938,0.074048652,0.001820363,0.006016474,0.013755978,0.008571992,0.00848995
C>A,CCC,0.001790318,9.53e-05,0.079693385,0.006138772,0.004280561,0.000967957,0.019612886,0.004377129,0.005001894,0.010841621,0.005780055,0.011698751
C>A,CCG,9.32e-05,2.23e-16,0.024497967,0.003459308,0.001170153,4.33e-06,0.012007889,0.000136528,0.001047049,0.00161922,0.000953199,0.003149811
C>A,CCT,2.23e-16,0.000421012,0.068994273,0.006488702,0.001100144,2.22e-16,0.036323866,0.000109424,0.004511263,0.006711081,0.009857727,0.017735313
C>A,GCA,0.00158028,8.62e-05,0.031597377,0.01019796,0.001980259,0.000948958,0.109071663,0.002234894,0.002739798,0.010147654,0.003710927,0.003859722
C>A,GCC,0.00033906,2.23e-16,0.034797112,0.00764847,0.000417055,0.00045098,0.017311374,0.001709967,0.002447902,0.010996885,0.00410655,0.006132892
C>A,GCG,0.000587104,1.39e-05,0.01529873,0.002339532,0.000447059,0.000163993,0.00756497,0.000520223,0.000521184,0.003537669,0.000783435,0.001261585
C>A,GCT,2.23e-16,5.12e-05,0.021198241,0.006818636,2.75e-05,6.15e-05,0.062340959,0.000549424,0.002157018,0.006335506,0.005259609,0.006941742
C>A,TCA,6.58e-05,0.000639018,0.039796697,0.007858428,0.003480456,0.078996518,0.07384852,0.000788791,0.005333445,0.02752139,0.023196619,0.011380846
C>A,TCC,0.002530449,0.000170005,0.046896108,0.009168166,0.002880377,0.029398704,0.043628665,0.001747443,0.004905652,0.029381379,0.01268224,0.007752222
C>A,TCG,2.23e-16,8.53e-05,0.010899095,0.00229954,0.000505066,0.012099467,0.012708349,2.27e-16,0.000874988,0.005438052,0.001468098,0.001866528
C>A,TCT,5.88e-06,0.000440013,0.041296572,0.012697461,0.002350308,0.035498436,0.12208021,0.000400125,0.00605788,0.023830994,0.016833248,0.013010021
C>G,ACA,0.00186033,2.23e-16,0.006889428,0.01009798,0.00122016,0.00386983,0.001731137,0.001669991,0.004179338,0.008213432,0.007453156,0.00889338
C>G,ACC,0.001220217,0.000133004,0.002839764,0.00569886,0.000642084,0.000950958,0.002591703,0.000193197,0.002712217,0.005620372,0.0102137,0.004322112
C>G,ACG,0.00011502,1.52e-05,0.001279894,0.001719656,7.51e-05,0.000263988,0.001921262,0.000238658,0.000849283,0.001496999,0.001635387,0.003047999
C>G,ACT,0.001140202,9.12e-05,0.003549705,0.01009798,0.001440189,0.003999824,0.004082682,6.23e-05,0.003806764,0.008359592,0.021692601,0.007195013
C>G,CCA,2.41e-05,2.23e-16,0.00782935,0.006958608,0.001340176,0.005609753,0.000613403,0.001044471,0.003388554,0.004024956,0.007014806,0.007120081
C>G,CCC,7.68e-05,0.00035101,0.00686943,0.009068186,0.000891117,0.000647971,0.002261486,0.000775631,0.002768344,0.0043647,0.012085743,0.008319791
C>G,CCG,0.000352062,4.87e-05,0.003399718,0.002489502,0.000173023,0.000487979,0.003582354,0.000239927,0.000561501,0.000929935,0.001066033,0.002652245
C>G,CCT,2.23e-16,6.36e-05,0.006819434,0.009528094,0.001560204,0.006399718,0.003792492,0.000318324,0.003154278,0.006367558,0.021864996,0.010469944
C>G,GCA,9.59e-06,6.54e-05,0.005289561,0.004679064,0.000564074,0.001499934,0.000635417,0.001403072,0.001851178,0.00266304,0.002292311,0.004407553
C>G,GCC,0.000164029,0.000261008,0.005749523,0.005078984,0.000289038,0.000478979,0.001340881,0.000919231,0.002289102,0.003081114,0.003630287,0.006495397
C>G,GCG,0.000166029,2.23e-16,0.003299726,0.001509698,9.54e-05,0.000240989,0.00063942,0.00021314,0.00043815,0.000644863,0.000821283,0.00166929
C>G,GCT,2.23e-16,0.000134004,0.003039748,0.006718656,0.000504066,0.002699881,0.001230809,0.000453698,0.001630085,0.003122878,0.006977699,0.005278448
C>G,TCA,2.23e-16,2.23e-16,0.003579703,0.007808438,0.000969127,0.316986028,0.002141407,0.003581753,0.005167841,0.008219757,0.008420473,0.006163538
C>G,TCC,0.000203036,9.87e-05,0.005949506,0.00759848,0.001550203,0.063497202,0.00464305,0.001526502,0.005387434,0.007893084,0.017220179,0.010101833
C>G,TCG,6.94e-05,4.12e-05,0.001829848,0.001709658,0.000214028,0.013799391,0.000899591,0.000389249,0.000542592,0.000941002,0.001559614,0.002441531
C>G,TCT,0.001560277,0.001180034,0.003379719,0.0124975,0.0030504,0.368983736,0.003182091,0.000392042,0.006385795,0.016393333,0.025837786,0.011100208
C>T,ACA,0.025004441,6.11e-05,0.008699278,0.032593481,0.005510722,0.007179684,0.009206048,0.001770593,0.004091591,0.028638138,0.016769283,0.024818982
C>T,ACC,0.006321123,0.00138004,0.004179653,0.017896421,0.002120278,2.22e-16,0.004653057,0.000217966,0.002757443,0.020511777,0.006614361,0.020701609
C>T,ACG,0.36506483,3.27e-05,0.000782935,0.006178764,0.000118015,0.000302987,0.012208021,0.001405089,0.003190075,0.013165331,0.006259616,0.007735355
C>T,ACT,0.009581702,0.001860054,0.004249647,0.021995601,0.002380312,0.000317986,0.00797524,0.000619446,0.003021539,0.022509808,0.013240031,0.023190785
C>T,CCA,0.002000355,0.004320125,0.012698946,0.019396121,0.006590863,1.93e-05,0.011707692,0.001203628,0.003972699,0.02480661,0.012265993,0.022213666
C>T,CCC,0.000270048,0.000170005,0.011499046,0.018996201,0.000254033,0.001349941,0.006764444,0.003151928,0.004296603,0.029165316,0.009888776,0.024046008
C>T,CCG,0.196034813,0.00277008,0.003309725,0.017496501,4.09e-05,0.001989912,0.016811045,0.000427652,0.001775428,0.006542889,0.002904444,0.008052547
C>T,CCT,0.000196035,0.001450042,0.015998672,0.023095381,0.003380443,0.001449936,0.006654372,0.001591622,0.004390394,0.028898963,0.010480213,0.035511324
C>T,GCA,0.004440789,2.23e-16,0.004089661,0.019396121,0.004480587,0.007179684,0.009686364,0.002385223,0.002741739,0.029806992,0.010339898,0.015314847
C>T,GCC,9.28e-05,1.29e-07,0.00445963,0.021595681,0.001820238,0.000920959,0.008175371,0.001848346,0.001935371,0.025369751,0.006155573,0.018605587
C>T,GCG,0.218038721,2.23e-16,0.00048196,0.01229754,7.46e-05,0.000177992,0.01480973,2.24e-16,0.002775326,0.009274841,0.001975348,0.005629792
C>T,GCT,3.84e-05,5.04e-05,0.003809684,0.018596281,0.00267035,0.001269944,0.006694398,0.001754965,0.003698757,0.023174069,0.007981784,0.0226098
C>T,TCA,0.001110197,0.53601551,0.00373969,0.020295941,0.005520723,0.006929695,0.011407495,0.001599716,0.007056734,0.04223462,0.028580099,0.020553273
C>T,TCC,3.73e-05,0.097302815,0.00698942,0.022995401,0.002640346,0.004479803,0.011407495,0.001325646,0.004675479,0.045911154,0.012802058,0.019954329
C>T,TCG,0.110019538,0.044201279,0.000280977,0.015896821,8.85e-05,0.001189948,0.011807758,3.85e-05,0.001523271,0.007070678,0.002320273,0.006624926
C>T,TCT,2.23e-16,0.300008682,0.007219401,0.020995801,0.006120802,0.001419937,0.003752465,2.24e-16,0.004678896,0.033591098,0.011954101,0.026922511
T>A,ATA,0.000800142,9.59e-05,0.009419218,0.007378524,0.005170677,2.22e-16,0.002491637,0.063701089,0.083256025,0.010007781,0.008762689,0.009464231
T>A,ATC,0.002230396,0.000878025,0.003529707,0.006928614,0.002710355,6.52e-05,0.000878577,0.007040759,0.007517069,0.005501739,0.00667289,0.004991389
T>A,ATG,0.001140202,2.55e-05,0.012398971,0.009118176,0.003120409,0.000589974,0.002601709,0.060430237,0.033566042,0.009324104,0.008318513,0.009105343
T>A,ATT,0.000183032,2.23e-16,0.004209651,0.00619876,0.002820369,0.000605973,0.007845154,0.002504401,0.01930465,0.011182787,0.011802106,0.023882373
T>A,CTA,4.3e-05,0.000243007,0.014398805,0.003539292,0.000546072,0.000208991,0.000542356,0.128009986,0.112995557,0.002458485,0.003357733,0.005208286
T>A,CTC,0.00039307,0.000244007,0.012198987,0.005188962,0.005600734,0.000341985,0.003062012,0.055271043,0.020999437,0.006639386,0.008699294,0.013811249
T>A,CTG,0.000324057,0.000149004,0.032497303,0.005008998,0.001410185,0.00022599,0.00321211,0.168016059,0.057753624,0.00573004,0.005164059,0.011960547
T>A,CTT,0.000260046,2.23e-16,0.011799021,0.00429914,0.001500197,0.000522977,0.002261486,0.060699247,0.027133895,0.009494213,0.009425425,0.012754596
T>A,GTA,8.12e-05,2.23e-16,0.009219235,0.003669266,0.000826108,6.7e-06,0.001601052,0.053393272,0.040465321,0.003134842,0.005205614,0.003812465
T>A,GTC,0.000129023,0.000131004,0.003599701,0.002909418,0.001810237,0.000129994,0.001951282,0.010164741,0.004944145,0.003716735,0.004842632,0.003658866
T>A,GTG,0.000246044,6.38e-05,0.013098913,0.004109178,0.002510329,4.7e-05,0.001831203,0.03767961,0.004158222,0.004515992,0.006289362,0.005621706
T>A,GTT,0.000258046,6.28e-05,0.005519542,0.003219356,0.00091512,0.000357984,0.003462275,0.009455955,0.004648091,0.004943178,0.006314993,0.006125176
T>A,TTA,0.006721194,0.000422012,0.008879263,0.006308738,0.003750491,0.000295987,0.0108071,0.070938828,0.118229641,0.009514387,0.013183046,0.00946686
T>A,TTC,2.23e-16,0.000192006,0.004309642,0.004139172,0.006450845,0.00023199,0.002731795,0.024061831,0.012839091,0.009126169,0.017368402,0.010700052
T>A,TTG,2.8e-05,5.01e-05,0.009539208,0.004789042,0.002770363,0.000187992,0.001791177,0.073791171,0.048350614,0.00563071,0.009882942,0.007640829
T>A,TTT,0.002250399,0.000205006,0.005619534,0.00874825,0.005250688,6.2e-05,0.007104668,0.030231372,0.03731392,0.018227759,0.041091299,0.018923157
T>C,ATA,0.001090193,6.17e-05,0.00794934,0.046190762,0.073609647,0.001909916,0.002021328,0.024922179,0.058397605,0.016890451,0.01726899,0.025059778
T>C,ATC,0.003040539,2.15e-05,0.000714941,0.013397321,0.040305282,0.000141994,0.002091374,0.000902945,0.001339207,0.003120202,0.004674434,0.011107686
T>C,ATG,0.000106019,1.32e-05,0.004999585,0.038192362,0.07050924,0.000427981,0.002081367,0.007728289,0.012627045,0.008145594,0.014031323,0.029491965
T>C,ATT,0.00574102,0.000155004,0.001559871,0.038292342,0.063808362,0.000958958,0.004242788,0.000753316,0.005912485,0.018468269,0.019224199,0.022543858
T>C,CTA,2.23e-16,0.000302009,0.00517957,0.013297341,0.04540595,4.74e-05,0.000386254,0.006740526,0.008932492,0.00610429,0.013366443,0.025715269
T>C,CTC,0.002500444,2.85e-05,0.002359804,0.01039792,0.049706514,0.000121995,0.002461617,0.00134416,0.001273541,0.00492976,0.005589215,0.01605695
T>C,CTG,0.000360064,2.23e-16,0.005499544,0.020795841,0.037404902,2.22e-16,0.001621065,0.002030194,0.002977989,0.005142813,0.00821157,0.026880665
T>C,CTT,4.26e-05,0.000186005,0.002559788,0.014897021,0.045906016,0.000111995,0.002561683,0.000539549,0.002410069,0.006773453,0.011142553,0.024398466
T>C,GTA,0.001050186,2.23e-16,0.002899759,0.014097181,0.071109318,0.000286987,0.000708465,0.000716882,0.00587282,0.004829088,0.011737034,0.00600869
T>C,GTC,0.001900337,2.74e-05,0.001179902,0.007938412,0.030403984,0.000181992,0.002261486,0.001235714,0.001225361,0.002912479,0.003259057,0.004327137
T>C,GTG,0.001170208,0.000107003,0.002369803,0.014997001,0.041505439,0.000194991,0.003982617,0.000583783,0.001608612,0.003370187,0.005971595,0.007920205
T>C,GTT,7.13e-05,1.25e-05,0.000754937,0.013697261,0.046306068,2.22e-16,0.003152071,0.000846166,0.002024085,0.008249865,0.006740401,0.00695348
T>C,TTA,0.000255045,2.23e-16,0.0024098,0.017996401,0.086111285,2.21e-05,0.001801183,0.004574468,0.023569448,0.007356649,0.018435036,0.014673763
T>C,TTC,0.003390603,4.35e-05,0.000502958,0.009708058,0.046306068,2.49e-05,0.006184063,2.26e-16,0.00192051,0.00306651,0.005655746,0.006768253
T>C,TTG,0.000416074,0.000117003,0.001739856,0.012697461,0.040005243,9.98e-05,0.003262143,0.001229853,0.005352445,0.003704556,0.006306709,0.009789011
T>C,TTT,0.004330769,3.58e-05,0.000635947,0.018496301,0.059707825,0.000530977,0.003372216,2.23e-16,0.004003968,0.007912687,0.01235706,0.011748461
T>G,ATA,0.000172031,0.000238007,0.001049913,0.003859228,0.002010263,6.14e-05,0.000721474,0.002322747,0.010846429,0.005393753,0.011976489,0.00446149
T>G,ATC,0.000207037,7.46e-05,0.000158987,0.00259948,0.000664087,2.22e-16,0.000858564,5.11e-05,0.001037752,0.004653723,0.015108253,0.003057717
T>G,ATG,0.000268048,2.05e-06,0.001419882,0.007938412,0.000808106,8.25e-05,0.001991308,0.002941736,0.00386347,0.005253576,0.013326052,0.007093092
T>G,ATT,0.00011202,3.76e-06,0.000215982,0.004829034,0.001280168,0.000319986,0.00184121,4.17e-05,0.003314154,0.01159521,0.040609447,0.009207388
T>G,CTA,3.55e-05,0.000153004,0.000869928,0.002589482,0.000893117,4.14e-05,0.000111073,0.004910383,0.00710341,0.001527196,0.004516176,0.003066358
T>G,CTC,0.000212038,0.000155004,0.000440963,0.004609078,0.001140149,2.82e-06,0.001991308,0.000882732,0.002281548,0.002641312,0.01044039,0.003789292
T>G,CTG,0.000128023,0.000121003,0.003789685,0.006128774,0.000593078,2.22e-16,0.002931926,0.008030768,0.00631253,0.002146177,0.007246785,0.005657667
T>G,CTT,0.00017103,0.000203006,0.0011999,0.00729854,0.000344045,5.55e-05,0.004142722,0.001197879,0.002650798,0.004305865,0.018481445,0.00948922
T>G,GTA,2.23e-16,0.000209006,0.00059795,0.002519496,0.000412054,8.77e-05,0.000870572,0.001580918,0.002957566,0.001051456,0.003316705,0.001455593
T>G,GTC,2.23e-16,0.000133004,0.000252979,0.001709658,0.000213028,2.22e-16,3.7e-05,0.000235184,0.000445633,0.001026417,0.003047837,0.00079861
T>G,GTG,0.000348062,3.71e-05,0.002429798,0.00529894,0.000496065,0.000425981,0.005833833,0.000452155,0.001238005,0.001748348,0.003109596,0.002970376
T>G,GTT,1.46e-05,2.23e-16,0.000251979,0.00234953,0.000165022,2.89e-06,0.002141407,1.99e-05,0.001069892,0.001953579,0.007756035,0.001780394
T>G,TTA,2.23e-16,1.67e-05,0.000376969,0.005218956,0.001630214,0.000183992,0.000696458,0.00499931,0.011959106,0.005562842,0.014972367,0.00417155
T>G,TTC,5.51e-05,7.04e-05,0.000173986,0.006558688,0.001130148,2.22e-16,0.002101381,0.000766716,0.002231236,0.00642218,0.024623479,0.004311168
T>G,TTG,0.000583103,9.54e-05,0.002319807,0.006938612,0.000875115,3.67e-05,0.001450953,0.005614984,0.006891149,0.004188098,0.01385453,0.005720786
T>G,TTT,2.23e-16,2.23e-16,0.000567953,0.013497301,0.00221029,1.89e-05,0.005163392,0.000597597,0.00513089,0.01492849,0.048920891,0.010719545
