Type,SubType,0,1,2,3,4,5,6,7,8,9,10,11,12,13,14,15,16,17,18,19,20,21,22,23,24,25,26,27,28,29,30,31,32,33,34,35,36,37,38,39,40,41,42,43,44,45,46,47,48,49,50,51,52,53,54,55,56,57,58,59,60,61,62,63,64,65,66,67,68,69,70,71,72,73,74,75,76,77,78,79,80,81,82,83,84,85,86,87,88,89,90,91,92,93,94,95,96,97,98,99
C>A,ACA,68,89,75,44,39,76,49,46,81,57,31,105,66,14,88,24,26,47,19,65,58,70,125,32,61,71,81,12,72,142,57,56,75,78,89,38,55,54,68,29,27,101,54,86,21,70,46,61,45,61,59,105,79,40,93,98,88,45,85,75,40,62,92,43,83,61,76,61,90,48,29,4,86,75,126,114,51,82,100,43,56,45,39,30,88,68,53,42,72,65,23,17,60,59,38,50,118,63,96,71
C>A,ACC,33,37,31,21,15,34,20,23,35,28,15,51,32,1,37,12,10,20,6,33,23,36,56,16,30,33,39,6,34,70,21,27,30,39,37,19,24,27,32,15,12,46,22,43,11,31,21,22,22,31,29,51,37,18,47,48,43,18,35,38,16,27,40,21,33,13,30,28,43,22,15,2,42,30,59,54,26,37,41,17,29,22,19,15,41,31,27,22,28,34,10,9,29,25,17,24,57,28,42,33
C>A,ACG,7,10,8,5,4,8,5,5,9,6,3,11,7,2,9,3,3,5,2,7,6,8,13,3,6,7,8,1,8,15,6,6,8,8,10,4,6,6,7,3,3,11,6,9,2,8,5,7,5,7,6,11,8,4,10,10,9,5,9,8,4,7,10,5,10,7,8,6,9,6,3,1,9,8,13,12,6,9,11,5,6,5,4,3,9,7,6,5,8,7,2,2,6,6,4,5,12,7,10,7
C>A,ACT,36,44,37,23,19,39,24,25,40,30,16,55,35,4,44,13,12,23,8,34,28,37,64,17,32,37,42,6,37,75,27,30,36,41,44,20,28,29,36,15,14,52,26,46,11,35,24,28,24,33,31,56,41,21,49,52,46,22,41,40,19,31,47,22,39,24,37,31,47,24,15,2,45,36,66,59,27,42,49,20,29,24,20,16,45,35,28,23,35,34,11,9,32,30,19,26,62,32,48,37
C>A,CCA,50,61,50,32,25,54,34,34,56,42,23,76,49,4,60,17,16,31,10,47,38,51,89,23,45,51,59,9,51,103,36,41,49,56,60,28,37,39,50,20,19,72,36,63,15,48,34,38,33,45,42,78,58,29,67,72,65,30,54,55,26,43,65,30,52,29,50,44,66,31,18,1,63,47,92,81,37,58,66,26,39,33,27,22,63,49,39,31,47,46,16,12,44,41,26,37,87,43,67,51
C>A,CCC,35,49,42,23,23,41,27,25,44,30,17,55,35,10,48,13,15,26,12,34,33,37,67,17,32,38,42,6,38,74,33,29,43,41,49,20,32,28,35,15,15,54,30,45,11,39,24,35,24,32,31,56,41,21,49,51,46,25,48,39,23,34,50,23,48,40,43,32,47,27,17,4,45,43,67,62,26,44,57,25,30,24,22,16,47,36,28,22,41,34,13,9,32,32,21,26,62,34,52,38
C>A,CCG,6,7,6,4,3,7,4,4,7,6,3,10,6,0,7,3,2,4,1,7,4,8,11,3,6,6,8,1,7,14,4,5,6,8,7,4,5,6,6,4,2,9,4,9,2,6,4,4,4,6,6,10,7,4,10,9,9,4,8,8,3,5,8,5,8,3,6,5,8,5,4,0,9,7,11,11,6,7,8,4,7,4,4,3,8,6,5,5,6,8,2,2,5,5,3,5,11,6,8,6
C>A,CCT,35,41,33,23,16,38,22,24,38,30,16,54,34,0,40,13,10,21,6,34,25,36,62,17,32,36,42,6,36,74,22,29,32,40,40,20,24,28,35,15,13,50,24,45,11,32,24,24,23,32,30,55,41,20,48,51,46,20,35,39,17,29,44,21,33,13,33,31,47,21,13,0,45,31,64,56,27,40,43,16,28,23,19,15,44,34,27,22,31,34,11,9,31,28,17,26,61,29,46,36
C>A,GCA,35,44,37,22,19,38,24,24,40,29,16,55,34,6,43,13,13,24,9,35,28,38,62,17,32,36,41,6,37,74,27,29,37,41,44,20,28,29,34,17,13,51,26,45,11,35,23,29,23,32,31,54,40,20,49,50,46,22,43,40,19,31,45,23,42,26,37,30,45,26,17,3,45,38,64,59,28,41,49,22,31,23,20,16,45,34,28,23,35,36,11,9,30,29,19,26,60,32,47,36
C>A,GCC,25,32,27,16,14,27,17,17,29,21,11,39,24,4,31,9,9,17,7,25,20,27,45,12,23,26,29,4,27,53,20,21,26,30,32,14,20,21,24,12,10,36,19,33,8,25,17,21,16,23,22,38,29,14,35,36,33,16,31,29,14,22,33,17,31,20,27,22,32,18,12,1,33,28,46,42,20,30,35,16,23,16,14,11,32,25,20,17,25,26,8,7,22,21,14,19,43,23,34,26
C>A,GCG,6,8,7,4,4,7,4,4,7,5,3,10,6,1,8,3,2,5,2,7,5,7,11,3,6,6,7,1,7,14,5,5,7,8,8,4,6,5,6,3,3,9,5,8,2,7,4,6,4,6,6,10,7,4,9,9,8,4,8,8,4,6,8,4,8,5,7,5,8,5,4,1,8,8,12,11,5,8,9,5,6,4,4,3,8,6,5,4,7,7,2,2,6,5,4,5,11,6,9,7
C>A,GCT,26,31,26,17,13,28,17,18,29,22,12,41,25,1,31,10,8,17,5,26,19,28,46,12,24,27,31,4,27,55,18,22,24,31,31,15,19,21,26,12,10,37,18,34,8,25,17,19,17,24,23,40,30,15,37,38,34,15,28,30,13,22,33,17,27,13,25,23,34,17,11,0,34,25,48,43,21,30,33,14,22,17,14,11,33,26,21,17,24,27,8,7,23,21,13,20,45,22,35,26
C>A,TCA,62,73,60,40,30,67,40,42,68,52,28,94,61,2,72,22,18,37,11,58,45,62,110,29,56,64,74,11,63,128,41,51,58,70,72,35,43,48,62,25,23,89,43,78,19,57,42,43,41,56,52,97,73,36,83,89,80,36,62,68,30,52,79,36,59,27,59,55,83,36,21,1,78,54,114,99,45,71,78,28,47,41,33,27,77,61,48,37,56,57,19,15,55,50,31,46,108,52,82,63
C>A,TCC,51,61,51,33,26,55,34,35,56,42,24,78,50,5,61,18,16,32,10,49,39,53,90,24,45,52,60,9,52,106,36,42,51,58,61,29,39,41,51,21,19,74,37,65,16,49,34,38,35,46,44,80,59,29,70,73,66,30,56,56,27,44,65,31,54,29,51,44,67,33,20,3,64,49,93,84,38,59,68,27,41,34,29,23,64,50,40,32,48,49,16,13,45,41,26,37,89,44,68,52
C>A,TCG,8,9,7,5,3,8,5,5,8,7,3,12,7,0,9,3,2,5,1,8,5,8,13,4,7,8,9,1,8,16,5,6,7,9,9,4,5,6,8,4,3,11,5,10,2,7,5,5,5,7,7,12,9,4,11,11,10,4,8,9,4,6,9,5,8,3,7,7,10,5,3,0,10,7,14,12,6,9,9,4,7,5,4,3,10,7,6,5,7,8,2,2,7,6,4,6,13,6,10,8
C>A,TCT,58,67,55,37,27,62,37,39,63,49,26,89,57,1,67,21,17,35,10,56,41,61,101,27,53,59,69,10,60,122,37,48,53,67,66,33,40,47,58,26,21,82,40,75,18,53,39,39,38,53,50,90,67,33,80,84,76,33,59,66,28,47,73,35,57,23,55,51,77,36,22,1,74,52,106,93,45,66,71,28,48,38,31,25,73,56,45,37,51,57,17,15,51,46,29,43,100,49,76,59
C>G,ACA,30,37,31,19,16,32,20,21,34,26,14,48,29,5,37,12,11,20,8,30,24,34,53,15,27,30,35,5,32,65,23,25,31,36,37,18,24,25,29,15,12,43,22,40,10,31,20,24,20,28,27,47,34,17,43,44,40,18,37,36,16,27,39,21,36,21,31,26,39,23,15,3,39,33,55,51,25,35,42,19,28,20,18,14,39,29,24,21,29,32,10,8,26,25,16,23,52,27,41,31
C>G,ACC,21,24,20,13,10,22,13,15,23,18,10,33,21,1,24,8,6,13,4,21,15,23,37,10,19,21,25,4,22,45,14,18,20,25,24,12,16,17,21,10,8,30,15,28,7,20,14,15,14,20,19,33,24,12,30,31,28,12,23,24,10,18,26,13,22,9,20,18,28,14,9,1,27,20,38,35,17,24,27,11,18,14,12,10,27,20,17,14,19,22,6,6,19,17,11,16,37,18,27,21
C>G,ACG,5,7,6,3,3,6,4,4,6,5,2,9,5,1,7,2,2,4,1,5,4,6,10,3,5,6,7,1,6,12,4,5,5,7,7,3,4,5,5,3,2,8,4,7,2,5,4,4,4,5,5,8,6,3,8,8,7,3,6,6,3,5,7,4,6,3,6,5,7,4,3,0,7,6,10,9,4,6,7,3,5,4,3,2,7,5,4,4,5,6,2,2,5,4,3,4,9,5,7,6
C>G,ACT,35,41,33,23,16,37,22,24,38,30,16,56,34,1,40,13,11,22,6,35,25,39,61,17,32,36,42,6,37,76,22,30,32,42,40,21,25,29,35,17,13,50,24,46,11,33,23,24,24,33,31,55,41,20,50,52,47,20,37,41,17,29,44,23,36,13,33,31,46,23,15,1,46,33,64,58,28,41,44,18,31,23,19,16,45,34,28,24,31,37,11,10,31,28,18,27,61,30,46,36
C>G,CCA,18,23,19,12,10,20,13,12,21,16,8,29,18,2,23,7,7,13,5,19,14,21,33,9,17,19,22,3,20,40,14,16,19,23,23,11,14,16,18,10,7,26,14,25,6,19,12,15,12,17,17,28,21,11,27,27,24,11,23,22,10,16,24,13,23,13,20,16,24,14,9,1,25,20,34,31,16,22,25,12,18,12,10,8,24,18,15,13,18,21,6,5,16,15,10,14,31,17,25,19
C>G,CCC,23,28,23,14,11,24,15,15,25,20,10,37,22,2,27,9,8,15,5,23,17,26,40,11,21,23,27,4,25,50,16,19,22,28,27,14,17,20,22,12,8,32,16,31,7,22,15,17,15,21,21,35,26,13,34,33,30,13,27,28,12,19,29,16,27,13,23,20,30,17,11,1,31,24,42,38,20,27,30,14,22,15,13,10,30,22,19,16,21,26,7,7,20,18,12,17,39,20,30,23
C>G,CCG,4,5,4,3,2,4,3,3,5,4,2,7,4,1,5,2,2,3,1,5,3,5,7,2,4,4,5,1,5,10,3,4,4,6,5,3,4,4,4,3,2,6,3,6,1,4,3,3,3,4,4,6,5,2,7,6,6,3,6,6,2,4,5,3,6,3,4,4,5,4,3,0,6,5,8,7,4,5,6,3,5,3,3,2,6,4,4,3,4,5,1,1,4,3,2,3,7,4,6,4
C>G,CCT,34,39,32,22,16,36,21,23,36,29,15,53,33,1,39,13,10,21,6,33,24,36,58,16,31,34,40,6,35,72,22,28,31,40,39,20,24,28,33,16,12,47,23,44,11,31,22,23,22,31,29,52,39,19,48,49,44,19,35,39,16,27,42,21,34,14,32,29,44,22,14,0,44,31,61,55,27,39,42,17,29,22,18,15,42,33,27,22,30,35,10,9,29,27,17,25,58,28,44,34
C>G,GCA,12,17,14,8,7,14,9,8,15,11,5,20,12,3,17,5,5,9,4,13,11,14,23,6,11,13,15,2,14,27,11,10,14,15,17,7,11,11,12,6,5,18,10,16,4,13,8,12,8,12,11,19,14,7,18,18,16,8,17,15,8,11,17,9,18,13,15,11,16,10,7,1,17,16,23,21,10,15,19,9,12,8,7,5,16,13,10,9,14,14,4,4,11,11,7,9,21,12,18,13
C>G,GCC,13,17,14,8,7,14,9,9,15,11,6,21,13,2,17,5,5,9,4,13,11,15,24,6,12,13,16,2,14,29,10,11,14,16,17,8,11,11,13,7,5,19,10,18,4,14,9,11,9,12,12,20,15,8,19,19,17,8,17,16,7,12,17,9,17,10,14,11,17,10,7,1,18,15,24,22,11,16,19,9,13,9,8,6,17,13,11,9,13,15,4,4,11,11,7,10,22,12,18,13
C>G,GCG,3,4,3,2,2,3,2,2,3,3,1,5,3,1,4,1,1,2,1,3,2,4,5,1,3,3,4,1,3,7,2,3,3,4,4,2,3,3,3,2,1,4,2,4,1,3,2,2,2,3,3,5,3,2,5,4,4,2,4,4,2,3,4,2,4,2,3,3,4,3,2,0,4,4,5,5,3,4,4,2,3,2,2,1,4,3,2,2,3,4,1,1,3,2,2,2,5,3,4,3
C>G,GCT,17,20,17,11,8,18,11,11,19,15,8,27,16,1,20,7,6,11,4,17,12,19,30,8,16,17,20,3,18,37,12,14,16,21,20,10,13,15,17,9,6,24,12,23,5,16,11,12,11,16,15,26,20,10,25,25,23,10,20,21,8,14,21,12,19,9,17,15,22,12,8,0,23,18,31,28,15,20,22,10,16,11,9,7,22,17,14,12,16,19,5,5,15,14,9,13,29,15,23,17
C>G,TCA,30,41,35,19,19,35,23,20,37,26,13,47,29,8,41,11,13,22,10,30,27,32,57,14,28,32,36,5,33,64,28,25,35,35,41,17,26,25,30,14,12,45,25,39,9,32,21,29,20,28,27,47,35,18,42,44,40,21,41,35,19,28,42,21,41,33,36,27,40,24,15,2,39,37,57,52,24,37,47,21,27,20,18,13,40,31,24,20,34,31,10,8,26,27,17,23,52,29,44,32
C>G,TCC,34,42,35,22,18,37,23,23,38,29,15,53,33,3,41,12,12,22,8,33,26,36,61,16,31,35,40,6,36,72,25,28,34,39,42,19,26,27,34,15,13,49,25,44,11,33,23,26,22,31,30,53,39,20,47,49,44,21,39,39,18,29,44,21,38,22,35,30,45,23,14,1,44,34,62,56,26,40,46,19,29,22,19,15,43,34,27,22,33,34,11,9,30,28,18,25,59,30,46,35
C>G,TCG,4,6,5,3,2,5,3,3,5,4,2,7,4,1,6,2,2,3,1,4,4,5,8,2,4,4,5,1,5,9,4,4,5,5,6,3,4,4,4,2,2,6,3,6,1,5,3,4,3,4,4,7,5,2,6,6,6,3,6,5,2,4,6,3,6,4,5,4,6,3,2,0,6,5,8,7,4,5,6,3,4,3,2,2,6,4,3,3,4,5,1,1,4,4,2,3,7,4,6,4
C>G,TCT,57,66,54,37,27,61,36,39,62,48,26,88,56,2,66,21,17,35,10,56,41,60,100,27,52,58,68,10,59,121,37,48,53,66,66,33,41,46,57,25,21,81,39,74,18,53,38,39,38,52,49,89,66,33,79,83,75,32,59,65,27,47,71,35,56,23,54,50,75,36,22,2,73,51,104,93,44,65,71,28,47,38,31,26,72,55,45,37,50,57,17,15,50,45,28,43,99,48,75,58
C>T,ACA,50,59,51,31,28,52,32,41,54,44,32,91,51,15,59,25,19,38,13,63,46,72,85,29,48,49,59,12,56,122,38,43,61,70,63,32,57,51,48,32,21,78,39,74,21,61,32,42,44,56,52,88,55,28,85,80,72,28,73,67,31,53,61,42,73,33,50,42,63,54,44,25,70,66,95,100,49,60,80,45,63,36,41,32,69,48,50,45,47,69,17,18,50,39,33,39,95,53,65,53
C>T,ACC,30,34,29,19,15,31,19,22,32,27,16,52,30,3,35,14,10,21,6,35,23,39,51,16,29,30,36,6,33,70,20,26,30,40,35,19,27,29,29,19,12,44,21,43,11,32,19,21,22,31,29,49,34,17,49,46,42,16,38,40,15,27,37,24,38,13,29,25,38,27,21,6,42,34,56,54,29,35,41,21,35,20,20,15,40,29,27,25,26,39,9,10,28,23,17,24,54,28,39,31
C>T,ACG,5,4,30,0,59,2,2,130,3,2,155,118,76,151,4,42,3,44,3,117,154,148,12,61,2,1,1,54,3,147,58,3,214,67,69,2,273,71,14,3,54,145,64,68,68,170,1,97,193,120,78,213,4,1,87,118,66,2,162,4,94,193,3,45,120,91,4,1,1,176,180,349,3,114,85,229,4,12,237,159,73,63,199,159,57,2,123,89,35,47,36,4,130,2,95,1,189,132,7,69
C>T,ACT,42,48,41,26,21,44,26,31,45,37,22,71,42,6,49,19,14,29,9,48,33,54,72,22,40,41,50,8,46,97,28,36,43,55,50,26,38,39,41,25,16,62,30,59,15,45,27,31,32,43,41,69,47,23,66,64,58,23,53,54,22,39,51,32,52,21,41,36,54,36,28,10,58,47,78,76,39,49,58,29,46,29,28,22,56,41,38,34,37,53,13,14,39,32,24,32,75,39,54,43
C>T,CCA,48,57,47,30,24,51,31,33,52,42,22,77,46,4,57,19,16,32,11,50,35,55,83,24,45,48,57,8,52,105,33,41,46,59,57,29,37,42,47,25,18,68,34,65,16,47,32,35,32,46,44,74,55,27,71,70,64,28,56,59,24,41,60,34,55,25,47,41,62,36,25,3,64,50,88,81,41,56,63,29,47,32,27,22,62,47,39,34,44,55,15,14,42,38,25,37,82,42,63,48
C>T,CCC,43,54,46,27,23,46,30,28,49,37,19,69,41,7,54,17,17,31,12,44,35,49,76,21,40,44,51,7,47,93,34,36,45,53,54,26,35,37,42,23,16,61,32,58,14,44,28,36,27,40,39,65,48,25,64,62,57,27,55,53,24,37,56,31,57,35,47,37,55,35,24,2,58,51,78,73,38,52,61,30,44,28,24,18,56,42,35,31,43,50,14,13,36,36,24,33,72,39,59,43
C>T,CCG,9,8,21,4,34,6,4,73,7,8,85,77,46,81,9,27,4,29,3,73,86,92,16,36,9,6,8,30,11,98,34,8,119,48,43,7,152,47,13,11,31,85,38,49,39,98,4,55,107,72,50,123,9,3,62,73,46,4,97,16,53,107,8,33,77,49,8,5,7,104,106,187,14,72,56,135,13,15,134,92,55,37,111,87,40,7,73,57,23,42,21,7,74,5,55,7,111,77,11,42
C>T,CCT,53,63,53,33,26,56,35,35,58,46,23,85,51,4,63,21,18,36,12,55,39,61,92,26,50,53,63,9,58,116,37,45,50,66,63,32,40,46,52,29,19,75,37,72,17,52,35,38,34,50,48,81,60,30,79,77,71,31,62,66,26,44,67,38,62,29,53,46,69,39,27,1,72,56,97,89,47,63,69,32,53,34,29,23,69,52,43,38,48,61,16,16,46,42,28,41,90,46,70,53
C>T,GCA,35,45,38,22,20,38,24,25,40,31,17,60,34,7,45,16,14,26,10,39,30,44,63,18,34,36,42,7,40,81,28,30,39,46,45,22,32,33,34,21,14,52,27,50,12,39,23,30,25,36,34,56,40,20,56,53,49,22,49,46,20,33,46,28,50,28,39,31,45,32,24,5,49,45,66,64,33,43,52,27,40,24,23,17,48,35,31,28,35,45,12,12,32,29,21,28,62,34,48,37
C>T,GCC,29,36,31,18,15,31,20,19,33,27,13,50,27,4,37,13,12,22,9,33,23,38,51,15,29,29,35,5,34,68,22,25,29,40,36,19,24,28,28,20,11,41,21,42,10,31,19,23,18,29,29,43,32,16,48,43,40,18,40,41,16,25,37,25,43,22,32,25,37,27,21,1,43,38,53,51,30,36,41,23,37,18,17,12,40,29,25,24,28,41,9,11,24,24,16,23,48,27,39,29
C>T,GCG,3,1,17,0,34,0,0,77,0,2,92,73,45,88,1,27,2,27,1,73,90,93,6,37,3,0,1,32,3,92,33,3,126,43,39,2,163,45,8,6,32,85,37,44,41,102,0,56,115,73,48,127,2,0,56,71,41,0,98,7,55,114,0,30,74,49,1,0,0,108,111,208,5,70,50,138,7,8,139,97,50,37,119,95,35,1,75,57,19,35,21,4,77,0,57,2,112,79,3,40
C>T,GCT,32,39,33,20,16,34,21,21,35,28,14,52,30,4,39,14,12,23,9,34,24,39,55,16,30,32,38,5,36,71,23,27,31,41,39,20,25,29,30,19,12,45,23,44,10,32,21,25,20,31,30,47,36,18,49,46,43,19,41,42,17,27,40,25,43,22,34,27,40,27,19,1,44,38,58,54,30,38,43,22,36,20,18,13,42,31,26,24,30,40,10,11,27,26,17,25,53,29,43,32
C>T,TCA,73,86,71,46,35,78,47,49,80,62,33,114,71,4,86,27,23,46,15,72,53,79,127,35,67,74,87,13,76,155,49,61,69,86,85,42,53,60,72,34,27,103,51,95,23,69,48,52,48,67,64,112,84,42,103,105,96,42,80,85,36,61,92,47,77,36,71,63,95,48,31,2,95,70,133,119,58,84,93,39,64,48,40,32,92,71,58,48,66,75,22,20,63,58,37,55,125,63,96,74
C>T,TCC,57,67,55,36,27,60,37,38,62,49,25,90,54,3,67,23,19,37,12,58,41,64,98,27,53,57,67,10,61,123,38,48,53,70,66,34,42,49,55,30,21,79,39,76,18,54,37,40,37,53,51,86,65,32,84,82,75,32,64,70,28,47,71,39,64,28,56,49,73,41,28,1,76,58,103,94,49,66,72,33,55,37,31,24,73,55,46,40,51,64,17,17,49,45,29,43,96,49,74,57
C>T,TCG,7,7,14,3,20,5,3,42,6,7,49,49,28,45,7,17,3,18,3,45,49,57,12,22,8,5,8,17,9,62,20,7,68,32,26,6,87,30,9,10,18,50,22,32,23,58,3,32,61,43,31,72,7,3,41,45,30,3,59,15,30,62,6,22,48,27,6,4,7,62,63,105,13,45,36,81,12,11,77,55,37,22,63,50,26,6,44,35,14,30,12,6,43,4,32,6,65,45,9,25
C>T,TCT,55,62,51,35,25,57,34,37,58,47,24,87,53,0,62,22,17,34,10,56,37,62,94,26,51,55,65,9,58,119,34,46,48,67,62,33,38,47,54,28,19,76,36,73,17,51,36,35,35,51,49,83,63,31,80,79,73,30,58,67,25,44,67,37,57,19,51,47,71,37,25,0,73,52,99,89,47,63,66,29,52,36,29,24,69,53,44,38,46,61,16,16,47,42,27,42,93,46,70,54
T>A,ATA,15,138,136,9,94,64,79,10,100,13,7,35,14,138,132,6,78,79,87,16,125,18,107,8,14,42,18,3,42,37,165,13,161,19,148,9,102,13,15,9,32,74,95,21,5,101,20,177,10,15,29,23,17,25,23,22,20,86,201,19,95,79,101,44,231,398,161,28,19,99,59,25,23,192,57,86,14,70,207,135,42,10,37,7,55,43,13,11,157,18,32,5,13,72,55,12,26,80,103,41
T>A,ATC,11,26,24,7,15,17,14,8,21,10,6,20,11,16,25,5,12,15,12,13,21,15,28,6,11,14,13,2,15,26,24,10,27,15,27,7,20,11,11,7,7,22,17,16,4,21,8,26,8,12,13,18,12,8,18,17,15,15,34,15,15,17,22,12,37,47,27,11,14,19,13,5,16,32,24,27,11,19,35,22,16,7,10,6,19,14,10,9,25,15,6,4,10,15,11,9,20,18,23,14
T>A,ATG,17,134,132,11,90,63,76,12,98,15,8,39,16,131,128,7,75,77,83,19,121,21,106,9,16,43,20,3,43,41,158,15,155,22,144,11,99,16,17,10,31,74,92,24,6,99,21,170,12,17,31,27,19,25,27,25,23,83,194,22,92,77,99,44,223,378,155,29,22,96,58,24,26,185,59,87,16,70,200,130,43,11,37,8,56,43,15,13,151,21,32,6,15,70,54,13,29,78,101,42
T>A,ATT,26,34,29,17,15,29,19,18,31,22,12,40,25,6,34,10,10,18,8,25,22,27,48,12,24,27,31,4,28,55,22,22,29,30,34,15,21,21,26,12,10,38,21,33,8,27,18,24,17,24,23,40,30,15,36,37,34,17,33,30,15,24,35,17,33,25,30,23,34,19,12,1,33,30,48,44,20,32,39,17,23,17,15,11,34,26,20,17,28,26,9,7,23,23,14,19,45,24,37,27
T>A,CTA,3,246,248,2,176,99,141,2,171,3,1,27,3,275,233,2,147,141,169,4,232,4,168,2,3,57,3,0,54,13,313,3,297,4,266,2,183,3,3,3,54,110,172,5,1,176,23,336,2,3,34,4,3,34,5,4,4,158,372,5,178,136,170,68,433,787,297,33,3,179,104,49,10,357,64,128,4,109,381,256,56,2,60,1,76,59,3,3,292,5,57,1,2,123,97,2,5,136,172,56
T>A,CTC,18,126,123,12,84,61,72,13,92,16,8,38,18,119,120,7,68,71,76,18,112,20,102,9,17,42,22,3,41,42,146,15,143,22,134,11,91,15,18,9,29,72,86,24,6,92,21,156,12,17,30,29,21,24,26,27,24,78,178,22,85,73,94,40,203,345,144,29,24,87,51,22,26,169,59,83,15,66,185,118,38,12,35,8,54,42,15,12,140,19,30,5,16,67,50,14,32,73,96,41
T>A,CTG,9,329,329,5,233,135,188,6,230,8,4,42,8,361,312,4,195,188,223,9,308,11,229,4,8,80,10,1,76,27,415,7,395,11,354,5,244,8,8,5,72,151,229,12,3,236,33,444,6,8,49,13,10,47,14,13,12,210,493,11,235,182,229,93,573,1034,394,47,11,237,138,65,19,473,93,175,8,148,507,338,78,6,81,4,106,82,7,7,387,11,76,3,7,166,129,7,15,183,232,78
T>A,CTT,22,140,136,14,92,69,80,15,103,19,10,44,22,130,134,8,75,79,83,21,124,23,116,11,20,48,27,4,47,50,161,19,159,26,149,13,101,18,22,10,33,81,95,29,7,102,25,172,15,20,34,35,26,28,31,32,29,86,196,25,94,81,106,44,223,378,159,34,29,96,56,24,31,186,68,93,17,75,205,130,42,15,39,10,62,48,17,14,156,22,33,6,20,75,56,17,39,82,108,48
T>A,GTA,7,109,109,4,76,47,62,4,77,6,3,20,6,116,104,3,64,63,72,7,101,8,80,3,6,29,8,1,28,17,135,6,129,8,117,4,81,6,6,4,24,53,76,9,2,79,13,145,4,6,19,10,7,17,10,10,9,69,162,9,77,61,78,32,187,332,129,18,8,79,46,21,11,155,37,62,6,52,166,110,29,4,28,3,39,30,5,5,127,8,25,2,6,56,43,5,11,62,79,29
T>A,GTC,8,29,27,5,18,16,16,6,22,7,4,15,8,22,28,3,14,16,15,8,24,9,27,4,8,13,10,1,13,19,30,7,31,10,30,5,20,7,8,4,7,20,19,11,3,22,7,32,5,8,10,13,10,7,12,12,11,17,38,10,18,17,24,11,43,66,31,10,11,20,12,4,11,36,20,23,7,18,40,25,12,5,9,4,16,13,7,6,30,9,7,2,7,16,12,6,14,18,24,13
T>A,GTG,11,83,82,7,56,39,48,7,61,9,5,23,10,81,80,4,46,48,51,11,75,12,66,5,10,27,13,2,26,25,98,9,96,13,89,6,61,9,11,6,19,46,57,14,3,61,13,105,7,10,19,17,12,16,16,16,14,52,119,13,57,48,62,26,137,234,96,18,14,59,35,15,16,114,37,54,9,43,124,80,25,7,23,5,35,27,9,8,94,12,20,3,9,44,33,8,18,48,63,26
T>A,GTT,14,34,31,9,19,22,19,9,27,12,6,23,14,20,33,5,15,19,15,14,26,15,36,7,13,18,17,2,18,30,31,12,34,16,35,8,23,11,14,6,9,27,22,18,4,25,11,34,9,13,14,22,16,10,19,20,18,19,41,16,19,21,29,13,45,62,34,14,18,21,13,4,18,38,30,31,11,24,45,25,15,9,12,6,23,18,11,9,33,14,8,4,12,20,14,10,24,21,30,18
T>A,TTA,17,156,154,11,107,72,89,14,113,15,11,42,18,157,149,8,87,90,98,20,144,22,122,9,16,48,21,4,47,44,187,15,185,22,168,10,119,16,17,9,37,86,108,24,7,116,23,201,15,18,34,30,20,28,27,27,24,97,228,21,109,92,115,49,261,448,181,32,23,113,68,34,26,217,66,101,15,79,237,154,46,12,45,10,63,48,16,14,178,20,37,5,17,81,64,13,33,92,117,48
T>A,TTC,25,73,68,16,44,44,41,17,58,21,11,42,24,51,71,9,34,40,35,23,60,25,73,12,22,35,29,4,35,53,73,20,76,28,76,14,50,20,25,10,19,54,48,31,8,54,20,78,16,22,27,38,29,20,34,36,32,43,92,27,44,45,61,27,102,154,77,27,33,47,27,9,32,86,56,62,18,47,100,58,29,16,24,11,44,34,19,15,75,23,18,6,22,42,29,18,43,45,63,35
T>A,TTG,12,153,152,8,105,68,87,8,109,11,5,32,12,157,146,5,87,87,99,13,140,14,114,6,11,43,15,2,42,30,186,10,179,15,164,7,112,11,12,6,35,78,105,16,4,111,20,199,8,12,29,19,14,25,18,18,16,96,224,15,106,86,110,46,258,454,180,28,16,109,64,28,19,214,56,90,10,74,231,152,41,8,40,5,57,44,10,9,176,14,36,4,11,79,60,9,21,87,112,43
T>A,TTT,51,115,105,33,65,76,65,35,94,42,24,83,50,66,112,18,49,63,48,49,90,53,126,24,45,64,60,9,63,107,105,42,116,58,119,28,79,40,50,21,31,97,74,64,16,87,39,112,34,46,50,79,59,37,69,73,66,65,137,56,66,73,102,45,148,203,116,51,67,72,43,14,65,127,106,110,38,82,151,83,52,34,41,23,80,62,40,32,112,48,28,13,45,68,47,37,88,74,105,64
T>C,ATA,48,101,92,29,55,66,56,31,82,45,21,89,44,55,99,24,46,62,45,59,76,68,110,25,49,56,57,8,66,117,89,43,98,69,104,33,73,50,45,38,27,84,64,73,16,82,34,95,30,50,55,71,52,32,84,72,68,56,134,73,56,63,88,57,150,170,103,45,59,80,57,11,74,129,98,108,55,78,132,85,77,30,38,20,79,57,43,44,95,76,24,20,40,59,44,39,78,68,93,56
T>C,ATC,18,22,19,11,10,19,12,13,20,17,9,32,18,3,23,9,7,14,5,22,15,25,32,10,18,18,22,3,21,44,14,16,20,25,23,12,17,18,18,13,7,27,14,27,7,20,12,15,13,19,19,29,21,10,31,28,26,11,26,26,10,17,23,16,27,13,19,16,23,18,14,3,27,24,34,34,19,23,27,15,23,12,12,9,25,18,17,16,18,26,6,7,17,15,11,15,32,18,25,19
T>C,ATG,40,59,52,24,28,45,32,25,51,37,17,71,36,17,59,20,23,37,20,48,40,56,75,21,40,41,48,6,50,96,42,35,51,57,60,27,42,41,37,31,17,59,35,60,13,50,26,45,25,41,42,58,43,23,70,59,56,30,73,60,28,39,56,40,80,61,56,34,49,48,37,3,61,71,75,77,46,54,70,45,59,25,26,16,58,41,35,36,50,63,14,17,33,37,26,33,64,43,60,41
T>C,ATT,49,56,47,30,23,50,30,34,52,45,23,86,47,5,57,24,18,35,12,58,36,67,82,26,48,48,59,9,56,116,32,43,47,68,57,32,42,49,47,35,18,69,33,72,17,51,31,34,34,51,49,76,54,27,83,74,69,27,64,70,24,42,59,42,66,23,48,41,62,46,36,6,72,60,90,88,52,59,65,37,63,32,30,23,66,47,44,43,42,71,15,19,43,37,27,39,84,45,63,48
T>C,CTA,27,43,38,17,21,33,24,18,37,24,12,45,26,15,43,11,16,25,14,28,30,32,54,13,25,29,32,5,32,60,33,23,39,34,44,17,29,24,26,15,12,43,27,37,9,34,19,35,17,26,26,41,30,17,41,39,36,23,49,34,21,28,41,23,52,51,41,24,35,29,19,3,37,46,52,51,24,37,52,29,30,17,18,11,38,29,22,20,38,32,11,9,23,27,18,21,45,30,43,29
T>C,CTC,24,30,25,15,13,26,16,17,27,21,12,40,24,4,30,10,9,17,6,26,20,29,43,12,23,25,29,4,27,54,19,21,26,30,30,15,21,21,24,13,9,36,18,33,8,26,16,20,17,24,23,38,28,14,37,36,33,15,31,30,14,22,31,18,31,17,26,21,31,20,14,3,33,28,45,43,21,29,35,17,25,16,15,11,32,24,21,18,24,28,8,7,22,20,14,19,42,23,33,25
T>C,CTG,26,34,28,16,14,28,18,17,30,24,11,46,25,5,34,13,12,21,9,31,21,35,46,14,26,26,32,4,31,62,21,23,27,37,34,17,23,26,25,19,10,37,20,39,9,29,17,22,17,27,26,40,29,15,44,39,37,17,38,38,15,23,34,23,41,22,30,22,33,26,20,1,39,36,49,47,28,33,38,22,34,17,16,11,36,26,23,23,26,38,8,10,22,22,15,21,44,25,36,26
T>C,CTT,33,39,32,21,16,35,21,22,36,29,15,54,32,1,39,14,11,22,7,35,24,39,57,16,31,33,40,6,36,73,22,28,30,42,39,20,25,29,33,18,12,47,23,45,11,32,22,23,22,32,30,51,38,19,50,49,45,19,38,42,16,27,41,24,38,15,32,29,43,24,17,1,45,34,61,55,30,39,42,19,33,22,18,14,43,32,27,24,29,39,10,10,29,26,17,26,57,29,44,33
T>C,GTA,15,19,16,9,8,16,10,10,17,14,7,27,14,2,19,8,6,12,5,19,12,22,26,8,15,15,18,3,18,37,11,14,15,22,19,10,14,16,14,12,6,21,11,23,5,17,10,12,10,16,16,23,17,8,27,23,22,9,22,23,8,13,19,14,23,10,16,13,19,16,13,1,23,21,28,28,17,19,21,13,21,10,9,7,21,15,14,14,14,24,5,6,13,12,9,13,26,15,20,15
T>C,GTC,11,15,13,7,7,13,8,8,14,10,6,20,11,4,15,5,5,9,4,13,11,15,21,6,11,12,14,2,13,27,10,10,14,16,16,7,12,11,11,8,5,17,9,17,4,14,8,11,8,12,12,18,13,7,19,17,16,8,18,16,7,11,15,10,19,12,14,10,15,12,9,2,17,17,22,22,12,15,19,11,14,8,8,6,16,12,10,10,12,16,4,4,10,10,7,9,20,12,16,12
T>C,GTG,15,17,15,9,7,15,9,10,16,14,7,26,13,2,18,8,6,11,4,18,11,21,24,8,15,14,17,3,18,36,10,13,14,22,17,10,13,15,14,12,5,20,10,23,5,16,9,11,10,16,15,22,16,8,26,22,21,8,21,23,7,12,18,14,23,9,15,12,18,16,13,1,23,21,27,27,17,18,20,13,22,9,9,6,20,14,14,14,13,24,4,6,12,11,8,12,24,14,19,14
T>C,GTT,18,22,19,11,9,19,12,12,20,17,8,31,17,2,22,9,7,14,5,21,14,24,32,9,18,18,22,3,21,43,13,16,18,25,22,12,15,18,18,13,7,25,13,27,6,19,12,14,12,18,18,27,20,10,30,27,25,11,24,26,9,15,23,16,26,11,19,16,23,17,13,1,27,23,34,32,19,22,25,14,23,12,10,8,25,18,16,15,17,26,6,7,15,15,10,15,30,17,24,18
T>C,TTA,26,38,33,16,18,29,21,17,33,23,11,44,24,10,37,12,14,22,12,29,25,33,49,13,25,27,31,4,31,59,27,22,33,34,38,17,26,24,24,17,11,38,23,37,8,31,17,28,16,25,26,38,29,15,42,38,35,19,44,35,18,25,37,23,47,37,35,22,32,28,20,2,37,41,48,48,26,34,45,26,33,16,16,11,36,27,22,21,32,35,9,9,22,24,17,20,43,27,39,27
T>C,TTC,19,21,18,12,9,19,11,14,20,16,10,31,18,2,21,8,6,13,4,21,14,24,32,10,18,18,22,4,20,43,12,16,18,24,21,12,16,17,18,11,7,27,13,26,7,19,12,13,14,19,18,30,21,10,29,28,26,10,22,24,9,17,23,14,22,7,17,16,24,15,12,3,26,20,34,33,17,22,25,12,20,13,12,9,25,18,17,15,16,23,6,6,17,14,10,14,33,17,24,19
T>C,TTG,15,19,16,9,8,16,10,10,17,14,7,27,14,3,20,7,7,12,5,18,12,21,27,8,15,15,18,3,18,36,12,13,16,21,19,10,14,15,14,11,6,22,11,22,5,17,10,13,10,16,15,23,17,9,26,23,21,10,22,22,9,13,20,14,24,13,17,13,19,15,12,1,23,21,28,28,16,19,22,13,20,10,9,7,21,15,13,13,15,23,5,6,13,13,9,12,25,15,21,15
T>C,TTT,26,29,24,16,12,26,15,18,27,23,13,45,25,2,29,12,9,18,6,30,19,35,43,14,25,25,31,5,29,61,16,22,24,35,29,17,22,25,25,17,9,36,17,38,9,27,16,17,18,27,25,41,29,14,43,39,36,14,32,36,13,22,31,21,33,10,24,21,32,23,19,4,37,30,47,46,26,30,33,18,32,17,16,13,34,25,23,22,22,36,8,9,23,19,14,20,45,24,33,26
T>G,ATA,17,24,21,11,11,20,14,12,22,15,8,27,17,5,24,6,8,13,6,17,16,18,33,8,16,19,21,3,19,37,17,15,21,20,25,10,15,14,17,8,7,26,15,22,5,19,12,18,12,16,16,27,20,11,24,25,23,13,24,20,11,17,25,12,24,21,21,16,23,14,8,1,22,22,33,30,13,22,28,13,15,12,10,8,23,18,14,11,20,17,6,5,15,16,10,13,30,17,26,19
T>G,ATC,17,19,16,11,8,18,11,12,18,14,8,26,17,0,19,6,5,10,3,16,12,17,30,8,15,17,20,3,17,35,11,14,15,19,19,9,12,13,17,7,6,24,12,21,5,15,11,11,11,15,14,26,20,10,23,24,22,9,17,19,8,14,21,10,16,6,16,15,22,10,6,0,21,14,31,27,12,19,21,8,13,11,9,8,21,16,13,10,15,16,5,4,15,13,8,12,29,14,22,17
T>G,ATG,20,28,24,12,13,23,15,13,25,17,9,32,19,7,28,8,9,16,8,20,19,22,37,10,18,21,24,3,22,43,19,17,24,24,28,12,18,17,19,10,8,30,17,26,6,22,13,21,13,19,18,30,23,12,29,29,26,14,30,24,13,19,28,15,31,25,25,18,26,18,12,2,27,27,37,35,17,25,33,16,20,13,12,9,27,20,16,14,23,22,7,6,17,18,12,15,34,20,29,21
T>G,ATT,43,49,41,28,20,46,27,29,46,36,19,65,42,0,49,15,12,25,7,40,30,43,75,20,38,44,51,7,43,89,27,35,39,48,49,24,29,33,43,17,16,61,29,54,13,39,29,29,29,38,36,67,50,25,57,62,55,24,42,46,20,35,54,24,39,16,40,38,57,24,14,0,54,35,78,68,31,49,52,18,32,29,23,19,53,42,33,26,37,39,13,10,38,34,21,32,75,35,56,44
T>G,CTA,8,19,17,5,10,12,10,5,15,7,4,14,8,11,18,3,8,10,8,8,14,9,20,4,7,10,10,1,10,18,17,7,19,10,19,5,13,7,8,4,5,15,12,11,3,14,6,18,5,8,8,12,9,6,12,12,11,10,23,10,11,12,16,8,25,33,19,8,11,12,7,2,11,21,17,18,7,13,24,14,9,5,7,4,13,10,6,5,18,9,5,2,7,11,8,6,14,12,17,10
T>G,CTC,14,17,15,9,7,15,10,9,16,12,6,22,13,2,17,5,5,10,4,14,11,15,25,7,13,14,16,2,15,30,11,12,14,17,17,8,11,12,14,7,5,20,10,18,4,14,9,11,9,13,12,21,16,8,20,20,18,9,17,16,8,12,18,9,17,10,15,12,18,10,7,1,18,15,25,23,11,17,19,9,13,9,8,6,18,14,11,9,14,15,4,4,12,12,7,10,24,13,19,14
T>G,CTG,14,31,28,9,17,20,17,9,25,12,6,23,13,17,30,6,13,18,13,14,24,16,34,7,13,17,16,2,18,31,28,12,31,17,32,8,21,12,13,8,8,26,20,19,4,24,10,30,9,13,14,21,16,10,21,20,18,17,38,17,17,19,27,14,42,54,31,14,18,21,13,3,19,36,29,30,12,22,40,23,17,9,11,6,22,17,11,10,30,16,8,4,12,18,13,11,23,20,28,17
T>G,CTT,32,38,32,20,16,34,21,21,35,27,14,49,31,3,38,12,11,20,7,31,24,33,56,15,29,32,38,5,33,67,23,26,31,37,38,18,24,26,31,14,12,45,23,41,10,31,21,24,21,29,27,49,37,18,44,46,41,19,35,36,16,27,41,20,34,19,32,28,42,21,13,1,41,31,58,52,24,37,42,17,27,21,17,14,40,31,25,20,30,32,10,8,28,26,16,24,55,28,43,32
T>G,GTA,6,10,9,4,5,8,6,4,9,5,3,10,6,3,10,2,4,6,3,6,7,7,12,3,6,7,7,1,7,13,8,5,9,8,10,4,7,5,6,3,3,10,6,8,2,8,4,8,4,6,6,9,7,4,9,9,8,5,11,8,5,7,10,5,12,12,9,6,8,6,4,1,8,10,12,12,5,8,12,6,7,4,4,3,9,7,5,4,9,7,2,2,5,6,4,5,10,7,10,7
T>G,GTC,5,7,6,3,3,6,4,4,6,5,2,9,5,1,7,2,2,4,1,5,4,6,10,3,5,6,6,1,6,12,4,5,5,7,7,3,4,5,5,3,2,8,4,7,2,5,4,4,4,5,5,8,6,3,8,8,7,3,6,6,3,5,7,4,6,3,6,5,7,4,3,0,7,6,10,9,4,6,7,3,5,4,3,2,7,5,4,4,5,6,2,2,5,4,3,4,9,5,7,6
T>G,GTG,11,13,11,7,6,12,7,7,12,10,5,18,11,1,13,5,4,8,3,12,8,13,19,5,10,11,13,2,12,24,8,9,11,14,13,7,9,10,11,6,4,16,8,15,4,11,7,8,7,11,10,17,12,6,17,16,15,6,14,14,6,9,14,8,14,7,11,9,14,9,6,1,15,12,20,19,10,13,15,7,11,7,6,5,14,11,9,8,10,13,3,3,9,9,6,8,19,10,15,11
T>G,GTT,13,15,12,8,6,14,8,9,14,11,6,20,13,0,15,5,4,8,2,13,9,14,23,6,12,13,16,2,13,27,8,11,12,15,15,7,9,10,13,6,5,19,9,17,4,12,9,9,9,12,11,20,15,8,18,19,17,7,13,15,6,11,16,8,12,5,12,11,17,8,5,0,17,11,24,21,10,15,16,6,10,9,7,6,16,13,10,8,11,13,4,3,12,10,6,10,23,11,17,13
T>G,TTA,20,33,29,13,16,25,18,14,28,17,9,33,20,11,32,8,12,18,10,20,23,22,42,10,19,23,24,3,23,43,25,17,30,24,33,12,21,17,20,9,9,33,20,26,6,26,14,27,13,19,19,31,24,13,29,30,27,17,35,24,16,22,32,15,37,38,31,19,27,20,12,2,27,32,39,38,16,27,40,20,19,13,13,9,28,22,16,13,29,21,8,5,18,21,14,15,35,22,33,23
T>G,TTC,28,33,27,18,14,30,18,19,30,23,12,43,27,2,33,10,9,17,6,27,20,29,49,13,25,28,33,5,29,58,19,23,26,32,33,16,20,22,27,12,10,39,19,35,9,26,18,20,18,25,24,42,32,16,38,40,36,16,30,32,14,23,35,17,29,14,27,24,36,18,11,1,35,26,50,45,21,32,36,14,23,18,15,12,35,27,22,18,25,28,8,7,24,22,14,21,47,24,37,28
T>G,TTG,21,35,30,13,17,26,19,14,30,18,10,34,20,12,34,8,13,19,11,21,25,23,43,10,19,23,25,4,24,46,27,18,32,25,35,12,23,18,21,10,10,34,22,28,7,27,15,28,14,20,20,33,24,13,30,31,28,18,38,25,18,23,33,17,40,42,32,19,28,22,14,3,28,35,41,40,17,29,42,22,21,14,14,9,30,23,17,14,31,23,9,6,18,22,15,16,36,24,34,23
T>G,TTT,60,70,58,39,28,64,39,41,65,51,27,93,59,2,70,22,18,37,11,58,42,63,105,28,55,61,72,10,62,127,39,50,55,70,69,34,42,49,60,27,22,85,41,77,19,56,40,41,40,55,52,93,70,35,84,87,79,34,62,69,29,49,76,37,60,25,57,53,79,37,23,1,77,54,110,97,46,69,75,29,50,40,32,26,75,59,47,39,53,60,18,16,53,48,30,45,104,51,79,61
