Type,SubType,SBS1,SBS2,SBS3,SBS4,SBS5,SBS8,SBS10a,SBS10b,SBS12,SBS13,SBS14,SBS15,SBS16,SBS17a,SBS17b,SBS18,SBS20,SBS22,SBS23,SBS25,SBS28,SBS30,SBS33,SBS34,SBS39,SBS40,SBS44,SBS288P
C>A,ACA,0.00088616,5.8e-07,0.02080832,0.0421965,0.0119976,0.04409822,0.00219017,0.000182,0.00452059,0.00181992,0.00112049,0.0009442,0.01599504,0.00207026,0.00060796,0.05153386,0.00061928,0.00601276,0.00083552,0.00989847,0.00078391,0.00179968,0.00311136,0.00486795,0.01170152,0.02820375,0.0,0.01441891
C>A,ACC,0.0022804,0.000148,0.0165066,0.03329724,0.00943811,0.04779807,0.00177014,0.00653991,0.00113015,0.00072097,0.01310575,0.00049711,0.0028991,0.00091812,0.00012899,0.01581039,0.00139064,9.544e-05,0.00039925,0.00699892,0.00252969,0.00050591,0.00223097,0.00695707,0.00715093,0.01340178,0.00015004,0.00539308
C>A,ACG,0.00017703,5.23e-05,0.0017507,0.01559871,0.00184963,0.00461981,0.00015001,5.35e-05,0.00054007,0.00026399,0.00041318,4.611e-05,0.00101968,4.761e-05,5.82e-05,0.0024316,2.181e-05,0.00076535,1e-07,0.00144978,0.00035296,9.128e-05,0.00041418,5.198e-05,0.00267035,0.00292039,9.2e-07,0.00065903
C>A,ACT,0.00128023,9.78e-05,0.01220488,0.02949755,0.00660868,0.0469981,0.01700132,1.63e-05,0.00122016,0.00034798,0.08263626,0.00111024,0.01059671,6.181e-05,0.00045597,0.02141407,0.00124057,0.00172079,0.0,0.00496923,0.00396952,0.0005559,0.00190083,0.00122948,0.00740096,0.01480197,0.00578146,0.00978859
C>A,CCA,0.00031206,0.00020801,0.022509,0.0806933,0.00742851,0.04009838,0.00318025,0.00052099,0.00542071,0.00139994,0.01630715,0.04180895,0.01039677,0.00029504,0.00027098,0.07404865,0.03761721,0.00183084,0.00015109,0.01479771,0.00202975,0.00076786,0.00270118,0.00194918,0.01010131,0.02080277,2.841e-05,0.00580441
C>A,CCC,0.00179032,9.53e-05,0.02531012,0.07969339,0.00613877,0.03879843,0.00020202,0.00317996,0.00428056,0.00096796,0.01970865,0.00505108,0.0090272,0.00116015,4.11e-05,0.01961289,0.09894528,0.00443204,0.00063039,0.00781879,0.00010899,0.00038793,0.00191084,3.668e-05,0.00906118,0.01470196,0.03030768,0.00666018
C>A,CCG,9.322e-05,0.0,0.002511,0.02449797,0.00345931,0.00340986,4.64e-05,8.38e-05,0.00117015,4.33e-06,0.00138061,6.621e-05,0.00173946,0.0,0.0,0.01200789,0.0074334,0.00013606,0.00013008,0.0012798,0.0,0.00040693,0.00037116,0.00029787,0.00574075,0.00254034,0.00374095,0.00066956
C>A,CCT,0.0,0.00042101,0.01540616,0.06899427,0.0064887,0.03299867,0.01730134,0.00832988,0.00110014,0.0,0.26011412,0.02870615,0.00248923,0.00013702,0.00018199,0.03632386,0.25211537,0.00011005,0.00058036,0.01259805,0.00020298,0.00029695,0.00253111,0.00061974,0.00603078,0.01470196,0.08672196,0.00294446
C>A,GCA,0.00158028,8.62e-05,0.00713285,0.03159738,0.01019796,0.02419902,0.00121009,0.00073099,0.00198026,0.00094896,0.00208091,0.00229049,0.00860733,0.00178022,0.00099793,0.10907166,0.01080494,0.00223103,0.00033721,0.01349791,0.00015598,0.00094283,0.00441193,0.00280882,0.00688089,0.01420189,0.0,0.0078308
C>A,GCC,0.00033906,0.0,0.01090436,0.03479711,0.00764847,0.02619894,0.00044103,0.00254996,0.00041705,0.00045098,0.02240983,0.00249053,0.00424868,0.00128016,2.78e-06,0.01731137,0.00565259,0.0017308,0.00054134,0.006469,0.00101988,0.00049391,0.00096842,0.0004678,0.0069509,0.01020136,0.00467118,0.00389561
C>A,GCG,0.0005871,1.39e-05,0.00143057,0.01529873,0.00233953,0.00273989,1.05e-05,8.52e-05,0.00044706,0.00016399,0.00111049,0.00040409,0.00135958,0.00010601,9.239e-05,0.00756497,0.00157072,0.00051524,0.00011907,0.0006579,3.95e-05,0.0,0.00034215,0.0002269,0.00453059,0.00255034,0.00060515,0.00113493
C>A,GCT,0.0,5.12e-05,0.010004,0.02119824,0.00681864,0.02689891,0.01110086,0.00279996,2.75e-05,6.15e-05,0.12605531,0.0182039,0.0057982,4.701e-05,0.00053396,0.06234096,0.00249114,0.00055125,3.092e-05,0.01049837,0.00015798,0.00086185,0.00319139,1.349e-05,0.00589077,0.01080144,0.01130286,0.00248472
C>A,TCA,6.581e-05,0.00063902,0.00841337,0.0397967,0.00785843,0.0297988,0.0940073,0.00044599,0.00348046,0.07899652,0.00034715,0.01720368,0.01079665,0.00019002,1.24e-05,0.07384852,0.00171078,0.00078436,0.00213133,0.00693892,0.01429827,0.00069588,0.0119052,0.0042682,0.00598078,0.02600346,0.00085322,0.00397949
C>A,TCC,0.00253045,0.00017,0.01680672,0.04689611,0.00916817,0.02509899,0.00997077,0.00379995,0.00288038,0.02939871,0.02431067,0.00581124,0.00586818,2.59e-05,0.0,0.04362866,0.00337154,0.0017408,0.00066442,0.01019842,0.00045195,0.00024296,0.00511223,0.00121949,0.00786102,0.02100279,0.00222056,0.00431178
C>A,TCG,0.0,8.53e-05,0.00141056,0.0108991,0.00229954,0.00189992,0.00116009,0.00057299,0.00050507,0.01209947,7.08e-06,7.692e-05,0.00148954,0.0,9.509e-05,0.01270835,0.0,0.0,9.126e-05,0.0,0.00012898,8.259e-05,0.0013706,0.0,0.00301039,0.00317042,3.2e-07,0.00083752
C>A,TCT,5.88e-06,0.00044001,0.00997399,0.04129657,0.01269746,0.03189871,0.67005203,0.08159886,0.00235031,0.03549844,0.15106628,0.00805172,0.00924713,0.00028804,0.00256982,0.12208021,0.00090441,0.00039618,0.00024015,0.02459619,0.00055693,0.00066488,0.0128056,3.199e-05,0.00655085,0.02410321,0.01660421,0.00469014
C>G,ACA,0.00186033,0.0,0.01970788,0.00688943,0.01009798,0.00432983,0.0,0.000305,0.00122016,0.00386983,0.0,0.00011302,0.00173946,0.00101013,0.00014599,0.00173114,0.00877402,0.00166076,0.0,0.00802876,0.00015398,0.00106981,0.00141062,0.00076168,0.04730615,0.01220162,0.00318081,0.01712452
C>G,ACC,0.00122022,0.000133,0.01170468,0.00283976,0.00569886,0.00294988,2.43e-05,0.000134,0.00064208,0.00095096,5.78e-06,0.00026906,0.00200938,0.00056907,4.34e-05,0.0025917,0.00151069,0.00019509,4.083e-05,0.00163975,0.00022397,0.00046692,0.00130057,0.00112952,0.02250293,0.00868115,0.00023306,0.01079437
C>G,ACG,0.00011502,1.52e-05,0.0002531,0.00127989,0.00171966,0.00028599,0.0,0.0,7.511e-05,0.00026399,3.912e-05,3.071e-05,0.00084674,0.00015202,0.0,0.00192126,0.00046921,0.00023111,0.0,0.0,0.0,0.00013098,0.00025311,0.0,0.01360177,0.0022503,3.141e-05,0.00330915
C>G,ACT,0.0011402,9.12e-05,0.01740696,0.00354971,0.01009798,0.00570977,0.0,0.0,0.00144019,0.00399982,0.00020409,0.00032507,0.01149643,1.96e-05,0.00031898,0.00408268,0.00442202,6.203e-05,0.0,0.00342947,8.329e-05,0.00073087,0.00130057,0.00202915,0.04340564,0.01460194,0.00329083,0.03238189
C>G,CCA,2.41e-05,0.0,0.01930772,0.00782935,0.00695861,0.0049998,4.57e-05,2.99e-05,0.00134018,0.00560975,8.554e-05,8.362e-05,0.0035489,0.00055307,0.00019399,0.0006134,7.694e-05,0.00105048,0.00017411,0.00719888,1.44e-05,0.00126977,0.00150066,0.00011895,0.02880374,0.00756101,5.361e-05,0.00799789
C>G,CCC,7.681e-05,0.00035101,0.01410564,0.00686943,0.00906819,0.00545978,0.0,0.0,0.00089112,0.00064797,7.863e-05,1.7e-05,0.00453859,0.00023503,4.66e-05,0.00226149,4.38e-06,0.00078536,0.00025516,0.00459929,7.549e-05,0.00079286,0.00041018,0.00011795,0.0377049,0.00935124,2.491e-05,0.0031342
C>G,CCG,0.00035206,4.87e-05,0.0015006,0.00339972,0.0024895,1.05e-05,2.01e-05,0.0,0.00017302,0.00048798,1.911e-05,5.021e-05,0.00145955,0.00023203,0.0,0.00358235,0.00018809,0.00023911,0.0,0.00082387,0.0,0.00011998,0.00031814,0.00018992,0.0123016,0.00168022,0.0,0.00172127
C>G,CCT,0.0,6.36e-05,0.02230892,0.00681943,0.00952809,0.00548978,3.01e-05,0.0,0.0015602,0.00639972,0.00017808,8.452e-05,0.00961702,3.9e-05,0.00019299,0.00379249,1.01e-05,0.00032015,0.00022714,0.00019597,0.0,0.00101982,0.00066229,7.357e-05,0.04020523,0.01390185,8.642e-05,0.01022362
C>G,GCA,9.59e-06,6.54e-05,0.01270508,0.00528956,0.00467906,0.0025799,1.5e-05,1.72e-05,0.00056407,0.00149993,0.0,0.00099421,0.00104967,0.00087811,5.99e-05,0.00063542,0.00066931,0.00140064,0.0,0.00416935,0.00018298,0.00051491,0.00077134,3.339e-05,0.02400312,0.00506067,0.00021906,0.00480021
C>G,GCC,0.00016403,0.00026101,0.00863345,0.00574952,0.00507898,0.0023899,8.311e-05,0.000136,0.00028904,0.00047898,4.332e-05,0.00060813,0.00308904,0.00083511,5.55e-05,0.00134088,0.00286131,0.00093043,0.00012708,0.00238963,0.0,0.00025595,0.00077634,0.00019292,0.02130277,0.00537071,0.0011903,0.00939131
C>G,GCG,0.00016603,0.0,0.00242097,0.00329973,0.0015097,0.00048798,0.0,0.0,9.541e-05,0.00024099,0.0,1.01e-05,8.127e-05,2.37e-05,0.0,0.00063942,0.00069232,0.0002111,0.0,0.00041794,0.0,0.00011698,4.662e-05,0.0,0.00986128,0.00119016,0.0,0.00210451
C>G,GCT,0.0,0.000134,0.01470588,0.00303975,0.00671866,0.0048598,3.54e-05,0.000113,0.00050407,0.00269988,8.034e-05,0.0004511,0.003229,0.0007871,0.0,0.00123081,0.00302138,0.00045521,0.0,0.00198969,0.0,0.00039893,0.00093141,2.689e-05,0.03240421,0.00698093,0.00185047,0.01028884
C>G,TCA,0.0,0.0,0.01330532,0.0035797,0.00780844,0.00146994,5.55e-05,0.0,0.00096913,0.31698604,1.971e-05,0.00021405,0.00250922,0.00375047,0.00015999,0.00214141,0.00012906,0.00356164,0.00021113,0.00979848,0.00011499,0.00012698,0.01300568,6.2e-07,0.03470451,0.01250166,0.00067317,0.0155445
C>G,TCC,0.00020304,9.87e-05,0.02030812,0.00594951,0.00759848,0.00133995,0.0,0.0,0.0015502,0.0634972,0.00015007,6.121e-05,0.00522838,0.00072309,6.18e-05,0.00464305,2.821e-05,0.0015207,0.00026617,0.00326949,0.00013598,0.00098583,0.0025111,0.00013994,0.03670477,0.01410188,9.4e-06,0.00867712
C>G,TCG,6.941e-05,4.12e-05,0.00052021,0.00182985,0.00170966,7.82e-05,0.0,0.0,0.00021403,0.01379939,1.831e-05,5.841e-05,0.00043886,0.00038005,1.55e-05,0.00089959,0.00012406,0.00038118,0.0,0.00205968,2.46e-05,0.00010598,8.044e-05,0.0,0.00962125,0.00174023,0.0,0.00282359
C>G,TCT,0.00156028,0.00118003,0.0235094,0.00337972,0.0124975,0.00024899,5.45e-05,4.34e-05,0.0030504,0.36898375,0.00032114,0.00017404,0.02849116,0.00028304,0.0014999,0.00318209,0.00112051,0.00038818,0.00046629,0.01639746,0.00014298,0.00010898,0.02010879,0.0021491,0.05070659,0.02370315,0.00259066,0.03670496
C>T,ACA,0.02500444,6.11e-05,0.01420568,0.00869928,0.03259348,0.00680972,0.00104008,0.00054899,0.00551072,0.00717968,0.01240544,0.00505108,0.00175945,0.00122015,0.00057096,0.00920605,0.04932257,0.00176081,0.02261415,0.02099675,0.00077691,0.1059812,0.00531232,0.00351852,0.00960125,0.01970262,0.08992278,0.01053637
C>T,ACC,0.00632112,0.00138004,0.01240496,0.00417965,0.01789642,0.00281989,0.00083406,0.00524993,0.00212028,0.0,0.01010443,0.00691148,0.00372884,0.00171022,7.03e-05,0.00465306,0.01300595,0.0002201,0.08095066,0.01309797,0.00337959,0.09038397,0.00213093,0.00370844,0.00404053,0.01210161,0.01690428,0.0064249
C>T,ACG,0.36506477,3.27e-05,0.00257103,0.00078294,0.00617876,0.00322987,0.00557043,0.00041399,0.00011802,0.00030299,0.02651163,0.07451595,0.00326899,3.95e-05,0.00028698,0.01220802,0.01330609,0.00136063,0.00872546,0.01969695,0.00704915,0.01439745,0.00716313,0.00011795,0.00600078,0.00026704,0.01430362,0.01003228
C>T,ACT,0.0095817,0.00186005,0.01210484,0.00424965,0.0219956,0.0124995,0.00299023,0.00792989,0.00238031,0.00031799,0.01610707,0.00178038,0.00599814,0.00073709,0.00014699,0.00797524,0.01300595,0.00061628,0.03502192,0.00572911,0.00505939,0.0292948,0.00307134,0.00386837,0.01280166,0.01690225,0.03030768,0.00754513
C>T,CCA,0.00200035,0.00432012,0.01610644,0.01269895,0.01939612,0.00266989,3.68e-05,0.000151,0.00659086,1.93e-05,0.0027312,0.01080231,0.00716778,0.0008211,0.00045697,0.01170769,0.01060485,0.00121056,0.06223895,0.01429778,0.00029196,0.10998049,0.00459201,0.004748,0.00911118,0.01960261,0.0035709,0.00735914
C>T,CCC,0.00027005,0.00017,0.02020808,0.01149905,0.0189962,0.00401984,0.0,8.44e-05,0.00025403,0.00134994,0.00138061,0.01110238,0.00283912,0.00172022,5.89e-05,0.00676444,0.01300595,0.00319147,0.18911835,0.00593908,0.00020997,0.10298173,0.00153067,0.00051378,0.0038605,0.0173023,0.00286072,0.00548505
C>T,CCG,0.19603478,0.00277008,0.0022409,0.00330973,0.0174965,0.00148994,0.0,0.00369995,4.091e-05,0.00198991,0.01160509,0.02480531,0.00069079,0.00190024,0.00054296,0.01681104,0.01650755,0.0004262,0.01420889,0.0115982,0.00254969,0.01679702,0.00588257,0.00944602,0.00757098,0.00236031,0.01550393,0.00717239
C>T,CCT,0.00019603,0.00145004,0.0230092,0.01599867,0.02309538,0.01449941,0.00010301,0.00059499,0.00338044,0.00144994,0.0013606,0.01560334,0.01929401,0.00174022,0.00013599,0.00665437,0.01170536,0.00160074,0.15609769,0.01359789,0.0033196,0.04619181,0.00270118,3.529e-05,0.00699091,0.02160287,0.00504128,0.00581488
C>T,GCA,0.00444079,0.0,0.01640656,0.00408966,0.01939612,0.00027599,4.22e-05,0.00036299,0.00448059,0.00717968,0.01710751,0.07371578,0.00649798,0.00164021,6.11e-05,0.00968636,0.04221932,0.00238109,0.05373363,0.00999845,0.00324961,0.04969118,0.00535234,0.0002329,0.00803104,0.0143019,0.09552419,0.00897585
C>T,GCC,9.282e-05,1.3e-07,0.01340536,0.00445963,0.02159568,0.00024499,0.01250097,0.01509979,0.00182024,0.00092096,0.00816358,0.12902762,0.00528836,0.0,0.00015699,0.00817537,0.05322436,0.00187086,0.15409643,0.00694892,0.00018798,0.06098918,0.00514225,0.0,0.00450059,0.01160154,0.08142062,0.00680195
C>T,GCG,0.21803869,0.0,0.00052821,0.00048196,0.01229754,0.00190992,0.01490116,0.01259982,7.461e-05,0.00017799,1.921e-05,0.27705932,0.00116964,0.0016102,0.00085494,0.01480973,0.02050939,0.0,0.0123077,0.01049837,0.00021497,0.00523907,0.00584255,0.01669297,0.00548071,0.0,0.04961257,0.00635168
C>T,GCT,3.841e-05,5.04e-05,0.01130452,0.00380968,0.01859628,0.00460981,0.01350105,0.03189955,0.00267035,0.00126994,0.01050461,0.07721653,0.00671792,6.601e-05,0.0,0.0066944,0.03311515,0.00176081,0.107067,0.00981848,0.00010199,0.01769686,0.00393172,0.00051678,0.00861112,0.01270169,0.06661687,0.00764503
C>T,TCA,0.0011102,0.53601548,0.0057623,0.00373969,0.02029594,0.0050398,0.00036603,0.00272996,0.00552072,0.00692969,0.00354155,0.02650567,0.00635803,0.00053207,0.00010799,0.01140749,0.00807369,0.00159073,0.01530958,0.01109828,0.00483941,0.09798262,0.01470643,0.00185922,0.0038805,0.03000399,0.00140035,0.01424995
C>T,TCC,3.731e-05,0.09730281,0.01330532,0.00698942,0.0229954,0.00025199,0.00276021,0.04849932,0.00264035,0.0044798,0.00013706,0.00956205,0.00367886,9.061e-05,0.00060396,0.01140749,0.00919421,0.00132061,0.0436273,0.006449,0.0041295,0.13397623,0.00317139,0.00028888,0.00528069,0.02310307,0.00225057,0.00793336
C>T,TCG,0.11001952,0.04420128,0.0009894,0.00028098,0.01589682,4.17e-05,0.00279022,0.43699388,8.851e-05,0.00118995,0.00532234,0.02120454,0.00301906,0.00017702,6.24e-05,0.01180776,0.00264121,3.772e-05,0.0028718,0.01409781,0.00173979,0.01469739,0.00385168,0.00029987,0.00486063,0.00212028,0.0,0.003909
C>T,TCT,0.0,0.30000866,0.00817327,0.0072194,0.0209958,0.00526979,0.02280177,0.12799821,0.0061208,0.00141994,0.00035916,0.00174037,0.02209314,0.00034804,0.00089494,0.00375247,5.002e-05,0.0,0.02631647,0.01239808,0.00198976,0.05249069,0.00904395,0.00080766,0.00423055,0.02240298,0.00302077,0.00519651
T>A,ATA,0.00080014,9.59e-05,0.0054922,0.00941922,0.00737852,0.01949921,5.07e-05,0.00181997,0.00517068,0.0,0.00061327,0.00204044,0.02309283,0.00101013,6.26e-05,0.00249164,0.00051123,0.06392938,0.0,0.02039684,0.00017198,0.00036294,0.00086838,0.10295665,0.00531069,0.00610081,0.00478121,0.00975672
T>A,ATC,0.0022304,0.00087803,0.00721289,0.00352971,0.00692861,0.02129914,0.00019402,0.000337,0.00271036,6.52e-05,0.00037216,0.00084118,0.0077376,0.00099713,0.00028898,0.00087858,0.00519238,0.00701322,0.0,0.00888862,0.00047794,0.00039293,0.0011405,0.04438131,0.00288037,0.00444059,0.00260066,0.00198943
T>A,ATG,0.0011402,2.55e-05,0.00964386,0.01239897,0.00911818,0.02279908,0.0,2.34e-05,0.00312041,0.00058997,0.00035416,0.00054012,0.00880727,0.00020003,6.57e-05,0.00260171,0.00030314,0.06062786,0.00035422,0.00623903,0.00015198,0.00063789,0.0006963,0.03458544,0.0069409,0.00693092,1.08e-06,0.00362763
T>A,ATT,0.00018303,0.0,0.00611244,0.00420965,0.00619876,0.02499899,0.00666052,0.00284996,0.00282037,0.00060597,0.00185081,0.00954204,0.01099659,0.00146018,0.00063296,0.00784515,0.02561172,0.00251115,0.0001611,0.01489769,0.00169979,0.00048991,0.00507222,0.315867,0.0061208,0.01070142,0.0308078,0.00731931
T>A,CTA,4.301e-05,0.00024301,0.00794318,0.0143988,0.00353929,0.01899923,0.0,7.09e-05,0.00054607,0.00020899,0.00015507,0.00034807,0.003209,0.00043405,9.359e-05,0.00054236,0.00014407,0.12805886,0.00046229,0.02629592,0.00013998,0.00021396,0.00074633,0.02369002,0.00494064,0.00109014,1.24e-05,0.00820354
T>A,CTC,0.00039307,0.00024401,0.01780712,0.01219899,0.00518896,0.02919882,0.0,0.000106,0.00560073,0.00034198,0.00295129,0.00024405,0.00569823,0.04050511,0.00223985,0.00306201,0.00648297,0.05512534,0.0,0.01579755,0.00134984,0.00077686,0.00099243,0.00040883,0.00644084,0.00762101,0.00325082,0.00235057
T>A,CTG,0.00032406,0.000149,0.01320528,0.0324973,0.005009,0.02759889,0.0,0.0,0.00141018,0.00022599,0.00031714,8.202e-05,0.00102968,0.01240157,0.00071695,0.00321211,0.00012306,0.16807725,0.00013208,0.06289025,0.0008059,0.0005869,0.00047921,0.00116951,0.00680088,0.00346046,0.00058215,0.00431953
T>A,CTT,0.00026005,0.0,0.01270508,0.01179902,0.00429914,0.04179831,0.00037603,0.000234,0.0015002,0.00052298,0.00138061,0.00105022,0.00652797,0.07230913,0.00778947,0.00226149,0.00010205,0.06032773,0.00037523,0.03659433,0.00102988,0.00061189,0.00112049,0.00026789,0.00827108,0.00928123,1.38e-05,0.01435103
T>A,GTA,8.121e-05,0.0,0.00706283,0.00921923,0.00366927,0.01279948,3.31e-06,0.0,0.00082611,6.7e-06,5.773e-05,0.00051111,0.00093971,6.461e-05,9.729e-05,0.00160105,5.563e-05,0.05372469,0.0,0.03619439,0.00011599,0.00032894,0.00081035,0.018992,0.00496064,0.00265035,0.00116029,0.00304858
T>A,GTC,0.00012902,0.000131,0.00748299,0.0035997,0.00290942,0.01349945,0.0,0.000123,0.00181024,0.00012999,0.0027312,0.00058913,0.00060781,0.00340043,0.00034698,0.00195128,0.00256117,0.01020469,0.00014009,0.00584909,0.00011799,0.00018197,0.00036216,0.00241898,0.00352046,0.00343046,0.0023606,0.00216029
T>A,GTG,0.00024604,6.38e-05,0.01160464,0.01309891,0.00410918,0.01559937,7.301e-05,0.0,0.00251033,4.7e-05,0.00012005,0.00018704,0.00554828,0.00069509,0.00024098,0.0018312,0.00213098,0.03751724,0.0,0.03819408,7.169e-05,9.858e-05,0.00082736,0.00652725,0.00667087,0.00441059,0.00221056,0.0022932
T>A,GTT,0.00025805,6.28e-05,0.01230492,0.00551954,0.00321936,0.02809886,0.00042603,0.000108,0.00091512,0.00035798,0.00085738,0.00084018,0.0009657,0.00480061,0.00157989,0.00346227,0.00430197,0.00932429,0.0,0.02019687,0.00032396,0.00019097,0.00176077,0.00747685,0.00409053,0.00577077,0.00318081,0.00431093
T>A,TTA,0.00672119,0.00042201,0.00651261,0.00887926,0.00630874,0.01149954,0.00204016,0.00305996,0.00375049,0.00029599,0.00020009,0.00109023,0.01229618,0.00011902,0.00118992,0.0108071,0.01200549,0.07183301,0.0,0.02179662,0.00018798,0.00028195,0.00410179,0.27188552,0.00669087,0.00713095,0.00696176,0.01872009
T>A,TTC,0.0,0.00019201,0.0105042,0.00430964,0.00413917,0.01949921,0.00036003,0.00066499,0.00645085,0.00023199,0.00173076,0.00015703,0.00466855,0.00570072,0.00024198,0.00273179,0.00031815,0.02361085,0.0,0.00340947,0.00124985,0.00024096,0.00021709,0.0,0.00369048,0.01030137,2.071e-05,0.00430938
T>A,TTG,2.8e-05,5.01e-05,0.00671269,0.00953921,0.00478904,0.01289948,0.00069305,7.06e-05,0.00277036,0.00018799,0.00035716,0.00014903,0.00517839,0.00183023,0.0,0.00179118,0.00017608,0.07323366,0.00018512,0.01019842,0.00032096,0.00018997,0.00066029,0.00776673,0.00546071,0.00502067,5.02e-06,0.00642377
T>A,TTT,0.0022504,0.00020501,0.0130052,0.00561953,0.00874825,0.03789847,0.00529041,0.00151998,0.00525069,6.2e-05,0.0018208,0.0004751,0.00715778,0.00198025,0.00130991,0.00710467,0.00671307,0.03011384,0.0,0.01449775,0.00571931,0.00070088,0.00272119,0.04598064,0.01070139,0.02100279,0.01390352,0.01556291
T>C,ATA,0.00109019,6.17e-05,0.0165066,0.00794934,0.04619076,0.00976961,0.00074506,0.00934987,0.07360964,0.00190992,0.01260553,0.00389083,0.24192493,9.651e-05,9.729e-05,0.00202133,0.0107049,0.0250115,0.00088655,0.02069679,0.00054893,0.00061089,0.01250546,0.00461806,0.01120146,0.01870249,0.01930489,0.02876466
T>C,ATC,0.00304054,2.15e-05,0.00776311,0.00071494,0.01339732,0.0050098,0.00362028,0.00050999,0.04030528,0.00014199,0.00630277,0.00196042,0.012896,0.0127016,0.00025198,0.00209137,0.00455208,0.00089941,0.00017811,0.00949853,0.00044095,0.00045792,0.00375164,0.00122948,0.00564073,0.00734098,0.00324082,0.0055105
T>C,ATG,0.00010602,1.32e-05,0.01230492,0.00499959,0.03819236,0.00697972,0.00214017,0.00053099,0.07050924,0.00042798,0.01240544,0.00024005,0.06388018,0.00037605,0.0,0.00208137,0.01860852,0.00775356,0.00047029,0.01989692,0.00040495,0.00027695,0.07343209,1.949e-05,0.00964125,0.01550206,0.02720689,0.00338963
T>C,ATT,0.00574102,0.000155,0.01730692,0.00155987,0.03829234,0.0148994,0.00336026,0.00015,0.06380836,0.00095896,0.00597262,0.0009292,0.13595781,0.00779098,0.00054396,0.00424279,0.00010305,0.00075535,0.00026116,0.01449775,0.00059493,0.0005449,0.00921403,0.00233902,0.01360177,0.01940258,0.00026707,0.01651995
T>C,CTA,0.0,0.00030201,0.00883353,0.00517957,0.01329734,0.0023899,0.00012201,0.00131998,0.04540595,4.74e-05,0.00316139,0.00075016,0.01069668,0.0111014,0.00064696,0.00038625,0.01170536,0.0067431,0.0,0.0090286,0.00131984,0.00126977,0.0151066,0.00059375,0.00734095,0.01090145,0.0146037,0.02293199
T>C,CTC,0.00250044,2.85e-05,0.0145058,0.0023598,0.01039792,0.00699972,4.12e-05,0.000124,0.04970651,0.00012199,0.00534234,0.00215046,0.00316902,0.17302185,0.00645956,0.00246162,0.00483221,0.00134062,0.0,0.01079833,0.00261968,0.00137976,0.03011316,4.038e-05,0.00791103,0.00987131,0.00320081,0.00459497
T>C,CTG,0.00036006,0.0,0.01010404,0.00549954,0.02079584,0.00125995,0.00105008,2.53e-05,0.0374049,0.0,0.00447196,0.0013903,0.00960702,0.08731102,0.00391973,0.00162107,0.02611195,0.00203093,0.00038924,0.01339792,0.0024897,0.00126977,0.04001749,0.00081066,0.00777101,0.0105014,0.03380856,0.00358954
T>C,CTT,4.261e-05,0.00018601,0.01580632,0.00255979,0.01489702,0.00645974,2.44e-06,0.00081499,0.04590601,0.000112,0.0020609,0.00175037,0.01549519,0.42605379,0.01829875,0.00256168,0.00690316,0.00053625,4.713e-05,0.00895861,0.00036696,0.00409927,0.00307134,0.00158933,0.00859112,0.01360181,0.00771195,0.00449978
T>C,GTA,0.00105019,0.0,0.00998399,0.00289976,0.01409718,0.00259989,0.00220017,0.01469979,0.07110932,0.00028699,0.01100483,0.01290276,0.00205936,0.00012302,5.95e-05,0.00070847,0.00276126,0.00072133,0.00021814,0.01749729,0.00049094,0.00093483,0.01220533,0.00010895,0.00747097,0.0060108,0.02700684,0.00901499
T>C,GTC,0.00190034,2.74e-05,0.00564226,0.0011799,0.00793841,0.00261989,0.00628049,0.00532993,0.03040398,0.00018199,0.00654287,0.01160248,0.00118963,0.01490188,0.0014999,0.00226149,0.00226103,0.00124057,0.00041826,0.00404937,0.00058693,0.0005549,0.00794347,0.00064573,0.0068909,0.00458061,0.00116029,0.00543129
T>C,GTG,0.00117021,0.000107,0.01090436,0.0023698,0.014997,0.00280989,0.0,0.00137998,0.04150544,0.00019499,0.01100483,0.00595127,0.00427867,0.00357045,0.00100993,0.00398262,0.00406186,0.00058127,0.0,0.01339792,0.00073091,0.00050091,0.2070905,0.00043981,0.00574075,0.00565075,0.01730438,0.00238948
T>C,GTT,7.131e-05,1.25e-05,0.01020408,0.00075494,0.01369726,0.00628975,0.00529041,0.01149984,0.04630607,0.0,0.01120492,0.00586125,0.00239926,0.00524066,0.0014699,0.00315207,0.00092842,0.00083438,0.0007995,0.0141978,0.0008509,0.00044492,0.00971425,0.0,0.00751098,0.00731097,0.01110281,0.00617061
T>C,TTA,0.00025505,0.0,0.01520608,0.0024098,0.0179964,0.00207992,0.00073006,0.00885988,0.08611128,2.21e-05,0.00627275,0.00342073,0.01299597,0.00209026,0.00105993,0.00180118,0.01380632,0.00463213,0.0,0.01449775,0.00130984,0.0005439,0.01100481,0.00139941,0.00594077,0.01020136,0.01990504,0.07945432
T>C,TTC,0.0033906,4.35e-05,0.0089936,0.00050296,0.00970806,0.00263989,0.0051704,8.1e-05,0.04630607,2.49e-05,0.00288126,0.00592127,0.00366886,0.01530193,0.00109992,0.00618406,0.0166076,0.0,0.00019012,0.00740885,0.00204975,0.00028595,0.01250546,0.00623737,0.00644084,0.007551,0.01050266,0.01319934
T>C,TTG,0.00041607,0.000117,0.00693277,0.00173986,0.01269746,0.0,0.00036303,0.00066799,0.04000524,9.98e-05,0.00431189,0.00132028,0.00722776,0.0023503,0.00120992,0.00326214,0.01200549,0.00122056,0.00030219,0.00488924,0.00140983,0.00020296,0.3201399,0.00109954,0.00498065,0.0060108,0.01910484,0.01375691
T>C,TTT,0.00433077,3.58e-05,0.01390556,0.00063595,0.0184963,0.00456982,0.00325025,2.51e-05,0.05970782,0.00053098,0.00292128,0.00135029,0.0083874,0.02100265,0.00099993,0.00337222,0.01930884,0.0,0.0,0.01699737,0.00205975,0.00044492,0.00912399,0.00707702,0.00948123,0.01020136,0.0371094,0.01493048
T>G,ATA,0.00017203,0.00023801,0.00395158,0.00104991,0.00385923,0.00163993,0.00192015,3.47e-05,0.00201026,6.14e-05,0.00021209,0.0004681,0.01119653,0.00085111,0.0014099,0.00072147,1.05e-05,0.00233107,0.0,0.00527918,0.00986881,3.899e-05,0.00097943,0.00281881,0.0038805,0.00723096,2e-08,0.05561822
T>G,ATC,0.00020704,7.46e-05,0.00260104,0.00015899,0.00259948,0.00066797,0.0012401,5.33e-05,0.00066409,0.0,0.0029713,0.00041509,0.00440863,0.00070009,0.00447969,0.00085856,2.131e-05,5.092e-05,0.0,0.0,0.01729791,0.00010998,0.00030213,0.00046181,0.00297039,0.00705094,3.261e-05,0.00383566
T>G,ATG,0.00026805,2.05e-06,0.00630252,0.00141988,0.00793841,0.00476981,0.00032002,0.00052299,0.00080811,8.25e-05,0.00070931,0.00018504,0.00461857,0.00071909,0.00098993,0.00199131,2.691e-05,0.00295136,0.0,0.00713889,0.00767907,0.00040993,0.00047521,0.00019692,0.007661,0.00806107,7.47e-06,0.00954933
T>G,ATT,0.00011202,3.76e-06,0.00397159,0.00021598,0.00482903,0.00073997,0.00922072,0.0,0.00128017,0.00031999,0.01110487,0.00363078,0.00795753,0.01250158,0.06909526,0.00184121,5.823e-05,4.182e-05,0.0,0.0,0.11498609,0.00079386,0.00075833,0.00114952,0.00642083,0.01800239,0.00142036,0.0076853
T>G,CTA,3.551e-05,0.000153,0.00437175,0.00086993,0.00258948,0.00121995,0.00015501,0.000227,0.00089312,4.14e-05,4.852e-05,0.00020604,0.00395877,0.00031004,0.00204986,0.00011107,0.00096344,0.00491226,0.0,0.0,0.01459823,0.00019796,0.00072832,0.00105955,0.00530069,0.00335045,0.00023406,0.01360465
T>G,CTC,0.00021204,0.000155,0.00704282,0.00044096,0.00460908,0.00194992,0.0,0.00114998,0.00114015,2.82e-06,0.00121053,0.00015703,0.00107966,0.00104013,0.03139785,0.00199131,0.00160073,0.0008804,0.00014809,0.00288955,0.02209733,0.00021496,0.00094941,0.0,0.00739096,0.00567075,0.00253064,0.00437818
T>G,CTG,0.00012802,0.000121,0.01070428,0.00378969,0.00612877,0.00469981,5.35e-05,0.00047899,0.00059308,0.0,0.00043519,0.00027206,0.00223931,1.94e-06,0.01369906,0.00293193,0.00271124,0.00803369,6.524e-05,0.01179817,0.01549812,7.849e-05,0.00107047,0.00043582,0.00983128,0.00559074,0.00347088,0.00291043
T>G,CTT,0.00017103,0.00020301,0.00703281,0.0011999,0.00729854,0.00057398,0.0013001,0.00522993,0.00034405,5.55e-05,0.00096242,0.00249053,0.00253921,0.00531067,0.54996228,0.00414272,0.00511234,0.00119055,0.00024715,0.00854867,0.10098778,0.00026495,0.00019208,6.5e-07,0.00494064,0.01310174,0.0003841,0.00704948
T>G,GTA,0.0,0.00020901,0.00442177,0.00059795,0.0025195,0.00130995,0.00020402,0.00048099,0.00041205,8.77e-05,7.793e-05,0.00020304,0.00090172,0.00049506,0.00028098,0.00087057,0.0,0.00159073,0.0,0.00554914,0.00115986,0.00018797,0.00058125,0.00036485,0.00333043,0.00249033,0.0,0.00448381
T>G,GTC,0.0,0.000133,0.00234094,0.00025298,0.00170966,0.00065597,0.00083306,0.00094199,0.00021303,0.0,0.00210092,0.00058012,0.00090072,0.00020403,0.00624957,3.702e-05,6.653e-05,0.00023611,8.695e-05,0.0,0.00192977,0.00035294,0.00063728,0.0,0.00580075,0.0022403,1.83e-05,0.00204025
T>G,GTG,0.00034806,3.71e-05,0.01090436,0.0024298,0.00529894,0.00396984,0.0,0.00172998,0.00049606,0.00042598,0.00078134,0.00034707,0.00067479,0.00083511,0.0014799,0.00583383,8.704e-05,0.00045021,0.0001571,0.00868865,0.00312962,0.00137976,0.00542237,5.648e-05,0.007721,0.00445059,0.00010303,0.00216972
T>G,GTT,1.46e-05,0.0,0.00583233,0.00025198,0.00234953,0.00128995,0.00221017,0.00515993,0.00016502,2.89e-06,0.00225099,0.0013903,0.00238926,0.00724091,0.11399218,0.00214141,0.00356163,1.961e-05,0.0,0.00276957,0.02059751,0.00015997,0.0004512,0.00041682,0.00594077,0.00548073,0.00280071,0.00265933
T>G,TTA,0.0,1.67e-05,0.0072529,0.00037697,0.00521896,0.0,0.00269021,0.01129984,0.00163021,0.00018399,9.924e-05,0.00023105,0.00977697,0.0,1.22e-05,0.00069646,0.0,0.00506233,0.00018612,0.00207968,0.04229488,0.00011798,0.0004682,0.0,0.00839109,0.00846113,0.0,0.10163026
T>G,TTC,5.511e-05,7.04e-05,0.00628251,0.00017399,0.00655869,0.00113995,0.0,0.00554992,0.00113015,0.0,0.00120053,0.00029406,0.00550829,0.00011601,0.0087494,0.00210138,0.0,0.00075235,0.0,0.00057891,0.03569568,9.638e-05,0.00016407,0.0,0.00508066,0.01140152,0.0,0.01115161
T>G,TTG,0.0005831,9.54e-05,0.00805322,0.00231981,0.00693861,0.00308988,2.16e-05,0.00275996,0.00087511,3.67e-05,0.00011405,0.00014803,0.00523837,0.00092012,0.00477967,0.00145095,0.00279128,0.00557256,0.00018211,0.00942854,0.01399831,0.00081286,0.00095942,0.00151936,0.00728095,0.00866115,0.00091723,0.01987335
T>G,TTT,0.0,0.0,0.0105042,0.00056795,0.0134973,0.00099596,0.01890147,0.09089873,0.00221029,1.89e-05,0.00060527,0.00599128,0.0157951,0.00458058,0.12199163,0.00516339,0.00151069,0.00059527,0.0,0.00786878,0.47894205,0.00888842,0.00225098,0.0002319,0.01090142,0.02500333,0.00900228,0.03450643
