MutationType	SBS1	SBS5	SBS10a	SBS10b	SBS17a	SBS17b	SBS18	SBS28	SBS37	SBS40
A[C>A]A	0.000886157	0.0119976	0.00219017	0.000181997	0.002070261	0.000607958	0.051533859	0.000783905	0.003950822	0.0282037510988962
A[C>A]C	0.002280405	0.009438112	0.001770137	0.006539908	0.000918116	0.000128991	0.015810387	0.002529694	0.001450302	0.0134017824370641
A[C>A]G	0.000177031	0.00184963	0.000150012	5.35e-05	4.76e-05	5.82e-05	0.002431598	0.000352957	0.001060221	0.00292038841165875
A[C>A]T	0.001280227	0.006608678	0.017001321	1.63e-05	6.18e-05	0.000455969	0.02141407	0.00396952	0.001850385	0.014801968661832
A[C>G]A	0.00186033	0.01009798	2.23e-16	0.000304996	0.001010128	0.00014599	0.001731137	0.000153981	0.034307136	0.0122016228158345
A[C>G]C	0.001220217	0.00569886	2.43e-05	0.000133998	0.000569072	4.34e-05	0.002591703	0.000223973	0.01120233	0.00868115459356094
A[C>G]G	0.00011502	0.001719656	2.23e-16	2.22e-16	0.000152019	2.23e-16	0.001921262	2.22e-16	0.005351113	0.00225029928980554
A[C>G]T	0.001140202	0.01009798	2.23e-16	2.22e-16	1.96e-05	0.000318978	0.004082682	8.33e-05	0.018803911	0.0146019420582938
A[C>T]A	0.025004441	0.032593481	0.001040081	0.000548992	0.001220154	0.000570961	0.009206048	0.000776906	0.006241298	0.0197026204485197
A[C>T]C	0.006321123	0.017896421	0.000834065	0.005249927	0.001710216	7.03e-05	0.004653057	0.003379591	0.003060637	0.0121016095140654
A[C>T]G	0.36506483	0.006178764	0.005570433	0.000413994	3.95e-05	0.00028698	0.012208021	0.007049147	0.006331317	0.000267035515723591
A[C>T]T	0.009581702	0.021995601	0.002990232	0.007929889	0.000737093	0.00014699	0.00797524	0.005059388	0.005651175	0.0169022479989839
A[T>A]A	0.000800142	0.007378524	5.07e-05	0.001819975	0.001010128	6.26e-05	0.002491637	0.000171979	0.002250468	0.00610081140791725
A[T>A]C	0.002230396	0.006928614	0.000194015	0.000336995	0.000997126	0.00028898	0.000878577	0.000477942	0.001660345	0.00444059059854961
A[T>A]G	0.001140202	0.009118176	2.23e-16	2.34e-05	0.000200025	6.57e-05	0.002601709	0.000151982	0.002490518	0.00693092181260108
A[T>A]T	0.000183032	0.00619876	0.006660517	0.00284996	0.001460184	0.000632957	0.007845154	0.001699794	0.002770576	0.0107014232892975
A[T>C]A	0.001090193	0.046190762	0.000745058	0.009349869	9.65e-05	9.73e-05	0.002021328	0.000548934	0.07331525	0.0187024874308283
A[T>C]C	0.003040539	0.013397321	0.003620281	0.000509993	0.012701605	0.000251983	0.002091374	0.000440947	0.038407989	0.00734097634985453
A[T>C]G	0.000106019	0.038192362	0.002140166	0.000530993	0.000376047	2.23e-16	0.002081367	0.000404951	0.016803495	0.015502061774216
A[T>C]T	0.00574102	0.038292342	0.003360261	0.000149998	0.007790985	0.000543963	0.004242788	0.000594928	0.048009986	0.0194025805432123
A[T>G]A	0.000172031	0.003859228	0.001920149	3.47e-05	0.000851107	0.001409903	0.000721474	0.009868806	0.021704515	0.00723096171790848
A[T>G]C	0.000207037	0.00259948	0.001240096	5.33e-05	0.000700088	0.004479693	0.000858564	0.017297906	0.010602205	0.00705093777472404
A[T>G]G	0.000268048	0.007938412	0.000320025	0.000522993	0.000719091	0.000989932	0.001991308	0.007679071	0.016803495	0.00806107212259231
A[T>G]T	0.00011202	0.004829034	0.009220717	2.22e-16	0.012501579	0.069095255	0.00184121	0.114986083	0.024705139	0.0180023943184444
C[C>A]A	0.000312055	0.007428514	0.003180247	0.000520993	0.000295037	0.000270981	0.074048652	0.002029754	0.00322067	0.0208027667679801
C[C>A]C	0.001790318	0.006138772	0.000202016	0.003179955	0.001160146	4.11e-05	0.019612886	0.000108987	0.000814169	0.0147019553600629
C[C>A]G	9.32e-05	0.003459308	4.64e-05	8.38e-05	2.22e-16	2.23e-16	0.012007889	2.22e-16	0.000747155	0.00254033786493604
C[C>A]T	2.23e-16	0.006488702	0.017301344	0.008329883	0.000137017	0.000181988	0.036323866	0.000202975	0.001770368	0.0147019553600629
C[C>G]A	2.41e-05	0.006958608	4.57e-05	2.99e-05	0.00055307	0.000193987	0.000613403	1.44e-05	0.000442092	0.00756100561374663
C[C>G]C	7.68e-05	0.009068186	2.23e-16	2.22e-16	0.00023503	4.66e-05	0.002261486	7.55e-05	0.000313065	0.00935124371541415
C[C>G]G	0.000352062	0.002489502	2.01e-05	2.22e-16	0.000232029	2.23e-16	0.003582354	2.22e-16	0.000321067	0.00168022346972147
C[C>G]T	2.23e-16	0.009528094	3.01e-05	2.22e-16	3.9e-05	0.000192987	0.003792492	2.22e-16	0.000581121	0.0139018489459098
C[C>T]A	0.002000355	0.019396121	3.68e-05	0.000150998	0.000821104	0.000456969	0.011707692	0.000291965	0.003610751	0.0196026071467505
C[C>T]C	0.000270048	0.018996201	2.23e-16	8.44e-05	0.001720217	5.89e-05	0.006764444	0.000209975	0.002100437	0.0173023012060604
C[C>T]G	0.196034813	0.017496501	2.23e-16	0.003699948	0.00190024	0.000542963	0.016811045	0.002549691	0.00327068	0.00236031392175159
C[C>T]T	0.000196035	0.023095381	0.000103008	0.000594992	0.00174022	0.000135991	0.006654372	0.003319598	0.006061261	0.0216028731821332
C[T>A]A	4.3e-05	0.003539292	2.23e-16	7.09e-05	0.000434055	9.36e-05	0.000542356	0.000139983	0.001570327	0.00109014498928357
C[T>A]C	0.00039307	0.005188962	2.23e-16	0.000105999	0.040505117	0.002239846	0.003062012	0.001349837	0.001160241	0.00762101359480811
C[T>A]G	0.000324057	0.005008998	2.23e-16	2.22e-16	0.012401567	0.000716951	0.00321211	0.000805902	0.001600333	0.00346046024121208
C[T>A]T	0.000260046	0.00429914	0.000376029	0.000233997	0.072309136	0.007789465	0.002261486	0.001029875	0.002060429	0.00928123440417576
C[T>C]A	2.23e-16	0.013297341	0.000122009	0.001319982	0.011101403	0.000646956	0.000386254	0.00131984	0.050010402	0.0109014498928357
C[T>C]C	0.002500444	0.01039792	4.12e-05	0.000123998	0.173021859	0.006459556	0.002461617	0.002619683	0.021804535	0.00987131288461365
C[T>C]G	0.000360064	0.020795841	0.001050082	2.53e-05	0.087311031	0.003919731	0.001621065	0.002489699	0.00995207	0.0105013966857592
C[T>C]T	4.26e-05	0.014897021	2.44e-06	0.000814989	0.426053827	0.018298743	0.002561683	0.000366956	0.050410485	0.0136018090406024
C[T>G]A	3.55e-05	0.002589482	0.000155012	0.000226997	0.000310039	0.002049859	0.000111073	0.014598233	0.002600541	0.00335044560926603
C[T>G]C	0.000212038	0.004609078	2.23e-16	0.001149984	0.001040131	0.031397844	0.001991308	0.022097325	0.002380495	0.00567075421030997
C[T>G]G	0.000128023	0.006128774	5.35e-05	0.000478993	1.94e-06	0.01369906	0.002931926	0.015498124	0.003770784	0.00559074356889466
C[T>G]T	0.00017103	0.00729854	0.001300101	0.005229927	0.005310671	0.549962233	0.004142722	0.100987776	0.004110855	0.0131017425317567
G[C>A]A	0.00158028	0.01019796	0.001210094	0.00073099	0.001780225	0.000997932	0.109071663	0.000155981	0.002040424	0.0142018888512172
G[C>A]C	0.00033906	0.00764847	0.000441034	0.002549964	0.001280162	2.78e-06	0.017311374	0.001019877	0.000629131	0.0102013567804518
G[C>A]G	0.000587104	0.002339532	1.05e-05	8.52e-05	0.000106013	9.24e-05	0.00756497	3.95e-05	0.000506105	0.00255033919511295
G[C>A]T	2.23e-16	0.006818636	0.011100863	0.002799961	4.7e-05	0.000533963	0.062340959	0.000157981	0.001290268	0.0108014365910666
G[C>G]A	9.59e-06	0.004679064	1.5e-05	1.72e-05	0.000878111	5.99e-05	0.000635417	0.000182978	0.001320275	0.00506067306951825
G[C>G]C	0.000164029	0.005078984	8.31e-05	0.000135998	0.000835105	5.55e-05	0.001340881	2.22e-16	0.000938195	0.00537071430500257
G[C>G]G	0.000166029	0.001509698	2.23e-16	2.22e-16	2.37e-05	2.23e-16	0.00063942	2.22e-16	0.00057712	0.00119015829105271
G[C>G]T	2.23e-16	0.006718656	3.54e-05	0.000112998	0.000787099	2.23e-16	0.001230809	2.22e-16	0.001270264	0.00698092846348564
G[C>T]A	0.004440789	0.019396121	4.22e-05	0.000362995	0.001640207	6.11e-05	0.009686364	0.003249607	0.002550531	0.0143019021529863
G[C>T]C	9.28e-05	0.021595681	0.012500972	0.015099789	2.22e-16	0.000156989	0.008175371	0.000187977	0.002310481	0.0116015430052197
G[C>T]G	0.218038721	0.01229754	0.014901158	0.012599824	0.001610203	0.000854941	0.01480973	0.000214974	0.004320899	3.93052275952702e-18
G[C>T]T	3.84e-05	0.018596281	0.013501049	0.031899553	6.6e-05	2.23e-16	0.006694398	0.000101988	0.002320483	0.0127016893246802
G[T>A]A	8.12e-05	0.003669266	3.31e-06	2.22e-16	6.46e-05	9.73e-05	0.001601052	0.000115986	0.001150239	0.00265035249688209
G[T>A]C	0.000129023	0.002909418	2.23e-16	0.000122998	0.003400429	0.000346976	0.001951282	0.000117986	0.000774161	0.00343045625068134
G[T>A]G	0.000246044	0.004109178	7.3e-05	2.22e-16	0.000695088	0.000240983	0.001831203	7.17e-05	0.001080225	0.00441058660801887
G[T>A]T	0.000258046	0.003219356	0.000426033	0.000107998	0.004800606	0.001579892	0.003462275	0.000323961	0.00168035	0.00577076751207911
G[T>C]A	0.001050186	0.014097181	0.002200171	0.014699794	0.000123016	5.95e-05	0.000708465	0.000490941	0.030706387	0.00601079943632503
G[T>C]C	0.001900337	0.007938412	0.006280488	0.005329925	0.014901883	0.001499897	0.002261486	0.000586929	0.018203786	0.0045806092210264
G[T>C]G	0.001170208	0.014997001	2.23e-16	0.001379981	0.003570451	0.001009931	0.003982617	0.000730912	0.009832045	0.00565075154995614
G[T>C]T	7.13e-05	0.013697261	0.005290411	0.011499839	0.005240662	0.001469899	0.003152071	0.000850897	0.040008322	0.00731097235932379
G[T>G]A	2.23e-16	0.002519496	0.000204016	0.000480993	0.000495063	0.000280981	0.000870572	0.00115986	0.011802455	0.00249033121405147
G[T>G]C	2.23e-16	0.001709658	0.000833065	0.000941987	0.000204026	0.00624957	3.7e-05	0.001929766	0.006861427	0.00224029795962863
G[T>G]G	0.000348062	0.00529894	2.23e-16	0.001729976	0.000835105	0.001479899	0.005833833	0.003129621	0.009832045	0.00445059192872652
G[T>G]T	1.46e-05	0.00234953	0.002210172	0.005159928	0.007240915	0.113992172	0.002141407	0.020597507	0.017103558	0.00548072893694861
T[C>A]A	6.58e-05	0.007858428	0.094007305	0.000445994	0.000190024	1.24e-05	0.07384852	0.014298269	0.002000416	0.0260034584599752
T[C>A]C	0.002530449	0.009168166	0.009970775	0.003799947	2.59e-05	2.23e-16	0.043628665	0.000451945	0.001590331	0.0210027933715184
T[C>A]G	2.23e-16	0.00229954	0.00116009	0.000572992	2.22e-16	9.51e-05	0.012708349	0.000128984	0.001120233	0.00317042166608159
T[C>A]T	5.88e-06	0.012697461	0.670052068	0.081598857	0.000288036	0.002569824	0.12208021	0.000556933	0.002440508	0.0241032057263616
T[C>G]A	2.23e-16	0.007808438	5.55e-05	2.22e-16	0.003750474	0.000159989	0.002141407	0.000114986	0.001790372	0.0125016627211419
T[C>G]C	0.000203036	0.00759848	2.23e-16	2.22e-16	0.000723091	6.18e-05	0.00464305	0.000135984	0.001110231	0.0141018755494481
T[C>G]G	6.94e-05	0.001709658	2.23e-16	2.22e-16	0.000380048	1.55e-05	0.000899591	2.46e-05	0.000860179	0.00174023145078295
T[C>G]T	0.001560277	0.0124975	5.45e-05	4.34e-05	0.000283036	0.001499897	0.003182091	0.000142983	0.002550531	0.0237031525192851
T[C>T]A	0.001110197	0.020295941	0.000366028	0.002729962	0.000532067	0.000107993	0.011407495	0.004839414	0.004020836	0.0300039905307406
T[C>T]C	3.73e-05	0.022995401	0.002760214	0.04849932	9.06e-05	0.000603959	0.011407495	0.0041295	0.00250052	0.0231030727086703
T[C>T]G	0.110019538	0.015896821	0.002790217	0.436993876	0.000177022	6.24e-05	0.011807758	0.001739789	0.003430714	0.00212028199750567
T[C>T]T	2.23e-16	0.020995801	0.022801772	0.127998206	0.000348044	0.000894939	0.003752465	0.001989759	0.005841215	0.0224029795962863
T[T>A]A	0.006721194	0.006308738	0.002040158	0.003059957	0.000119015	0.001189918	0.0108071	0.000187977	0.00245051	0.00713094841613935
T[T>A]C	2.23e-16	0.004139172	0.000360028	0.000664991	0.00570072	0.000241983	0.002731795	0.001249849	0.001130235	0.0103013700822209
T[T>A]G	2.8e-05	0.004789042	0.000693054	7.06e-05	0.001830231	2.23e-16	0.001791177	0.000320961	0.001280266	0.00502066774881059
T[T>A]T	0.002250399	0.00874825	0.005290411	0.001519979	0.00198025	0.00130991	0.007104668	0.005719308	0.001950406	0.0210027933715184
T[T>C]A	0.000255045	0.017996401	0.000730057	0.008859876	0.002090264	0.001059927	0.001801183	0.001309842	0.047709924	0.0102013567804518
T[T>C]C	0.003390603	0.009708058	0.005170401	8.1e-05	0.015301933	0.001099925	0.006184063	0.002049752	0.045109383	0.00755100428356972
T[T>C]G	0.000416074	0.012697461	0.000363028	0.000667991	0.002350297	0.001209917	0.003262143	0.001409829	0.01000208	0.00601079943632503
T[T>C]T	0.004330769	0.018496301	0.003250252	2.51e-05	0.021002654	0.000999931	0.003372216	0.002059751	0.061412774	0.0102013567804518
T[T>G]A	2.23e-16	0.005218956	0.002690209	0.011299842	2.22e-16	1.22e-05	0.000696458	0.04229488	0.018303807	0.00846112532966885
T[T>G]C	5.51e-05	0.006558688	2.23e-16	0.005549922	0.000116015	0.008749399	0.002101381	0.03569568	0.019504057	0.0114015164016814
T[T>G]G	0.000583103	0.006938612	2.16e-05	0.002759961	0.000920116	0.004779672	0.001450953	0.013998305	0.030206283	0.00866115193320712
T[T>G]T	2.23e-16	0.013497301	0.018901469	0.090898726	0.004580578	0.121991623	0.005163392	0.47894203	0.029106054	0.0250033254422838
