MutationType	SBS1	SBS2	SBS3	SBS5	SBS13	SBS17a	SBS17b	SBS18	SBS28	SBS40	SBS41
A[C>A]A	0.000886157	5.8e-07	0.020808323	0.0119976	0.00181992	0.002070261	0.000607958	0.051533859	0.000783905	0.0282037510988962	0.002110193
A[C>A]C	0.002280405	0.000148004	0.016506603	0.009438112	0.000720968	0.000918116	0.000128991	0.015810387	0.002529694	0.0134017824370641	0.001220112
A[C>A]G	0.000177031	5.23e-05	0.0017507	0.00184963	0.000263988	4.76e-05	5.82e-05	0.002431598	0.000352957	0.00292038841165875	6.14e-05
A[C>A]T	0.001280227	9.78e-05	0.012204882	0.006608678	0.000347985	6.18e-05	0.000455969	0.02141407	0.00396952	0.014801968661832	0.001330122
A[C>G]A	0.00186033	2.23e-16	0.019707883	0.01009798	0.00386983	0.001010128	0.00014599	0.001731137	0.000153981	0.0122016228158345	0.005330488
A[C>G]C	0.001220217	0.000133004	0.011704682	0.00569886	0.000950958	0.000569072	4.34e-05	0.002591703	0.000223973	0.00868115459356094	0.003160289
A[C>G]G	0.00011502	1.52e-05	0.000253101	0.001719656	0.000263988	0.000152019	2.23e-16	0.001921262	2.22e-16	0.00225029928980554	0.001210111
A[C>G]T	0.001140202	9.12e-05	0.017406963	0.01009798	0.003999824	1.96e-05	0.000318978	0.004082682	8.33e-05	0.0146019420582938	0.008270758
A[C>T]A	0.025004441	6.11e-05	0.014205682	0.032593481	0.007179684	0.001220154	0.000570961	0.009206048	0.000776906	0.0197026204485197	0.009880905
A[C>T]C	0.006321123	0.00138004	0.012404962	0.017896421	2.22e-16	0.001710216	7.03e-05	0.004653057	0.003379591	0.0121016095140654	0.003360308
A[C>T]G	0.36506483	3.27e-05	0.002571028	0.006178764	0.000302987	3.95e-05	0.00028698	0.012208021	0.007049147	0.000267035515723591	0.003430314
A[C>T]T	0.009581702	0.001860054	0.012104842	0.021995601	0.000317986	0.000737093	0.00014699	0.00797524	0.005059388	0.0169022479989839	0.006350582
A[T>A]A	0.000800142	9.59e-05	0.005492197	0.007378524	2.22e-16	0.001010128	6.26e-05	0.002491637	0.000171979	0.00610081140791725	0.007460683
A[T>A]C	0.002230396	0.000878025	0.007212885	0.006928614	6.52e-05	0.000997126	0.00028898	0.000878577	0.000477942	0.00444059059854961	0.004300394
A[T>A]G	0.001140202	2.55e-05	0.009643858	0.009118176	0.000589974	0.000200025	6.57e-05	0.002601709	0.000151982	0.00693092181260108	0.003030278
A[T>A]T	0.000183032	2.23e-16	0.006112445	0.00619876	0.000605973	0.001460184	0.000632957	0.007845154	0.001699794	0.0107014232892975	0.069606376
A[T>C]A	0.001090193	6.17e-05	0.016506603	0.046190762	0.001909916	9.65e-05	9.73e-05	0.002021328	0.000548934	0.0187024874308283	0.014401319
A[T>C]C	0.003040539	2.15e-05	0.007763105	0.013397321	0.000141994	0.012701605	0.000251983	0.002091374	0.000440947	0.00734097634985453	0.00579053
A[T>C]G	0.000106019	1.32e-05	0.012304922	0.038192362	0.000427981	0.000376047	2.23e-16	0.002081367	0.000404951	0.015502061774216	0.008040737
A[T>C]T	0.00574102	0.000155004	0.017306923	0.038292342	0.000958958	0.007790985	0.000543963	0.004242788	0.000594928	0.0194025805432123	0.017701621
A[T>G]A	0.000172031	0.000238007	0.003951581	0.003859228	6.14e-05	0.000851107	0.001409903	0.000721474	0.009868806	0.00723096171790848	0.00753069
A[T>G]C	0.000207037	7.46e-05	0.00260104	0.00259948	2.22e-16	0.000700088	0.004479693	0.000858564	0.017297906	0.00705093777472404	0.00164015
A[T>G]G	0.000268048	2.05e-06	0.006302521	0.007938412	8.25e-05	0.000719091	0.000989932	0.001991308	0.007679071	0.00806107212259231	0.002700247
A[T>G]T	0.00011202	3.76e-06	0.003971589	0.004829034	0.000319986	0.012501579	0.069095255	0.00184121	0.114986083	0.0180023943184444	0.007610697
C[C>A]A	0.000312055	0.000208006	0.022509004	0.007428514	0.001399938	0.000295037	0.000270981	0.074048652	0.002029754	0.0208027667679801	0.002380218
C[C>A]C	0.001790318	9.53e-05	0.025310124	0.006138772	0.000967957	0.001160146	4.11e-05	0.019612886	0.000108987	0.0147019553600629	0.000919084
C[C>A]G	9.32e-05	2.23e-16	0.002511004	0.003459308	4.33e-06	2.22e-16	2.23e-16	0.012007889	2.22e-16	0.00254033786493604	0.000261024
C[C>A]T	2.23e-16	0.000421012	0.015406162	0.006488702	2.22e-16	0.000137017	0.000181988	0.036323866	0.000202975	0.0147019553600629	0.002650243
C[C>G]A	2.41e-05	2.23e-16	0.019307723	0.006958608	0.005609753	0.00055307	0.000193987	0.000613403	1.44e-05	0.00756100561374663	0.002080191
C[C>G]C	7.68e-05	0.00035101	0.014105642	0.009068186	0.000647971	0.00023503	4.66e-05	0.002261486	7.55e-05	0.00935124371541415	0.00120011
C[C>G]G	0.000352062	4.87e-05	0.0015006	0.002489502	0.000487979	0.000232029	2.23e-16	0.003582354	2.22e-16	0.00168022346972147	0.000411038
C[C>G]T	2.23e-16	6.36e-05	0.022308924	0.009528094	0.006399718	3.9e-05	0.000192987	0.003792492	2.22e-16	0.0139018489459098	0.005030461
C[C>T]A	0.002000355	0.004320125	0.016106443	0.019396121	1.93e-05	0.000821104	0.000456969	0.011707692	0.000291965	0.0196026071467505	0.006910633
C[C>T]C	0.000270048	0.000170005	0.020208083	0.018996201	0.001349941	0.001720217	5.89e-05	0.006764444	0.000209975	0.0173023012060604	0.001850169
C[C>T]G	0.196034813	0.00277008	0.002240896	0.017496501	0.001989912	0.00190024	0.000542963	0.016811045	0.002549691	0.00236031392175159	0.010100925
C[C>T]T	0.000196035	0.001450042	0.023009204	0.023095381	0.001449936	0.00174022	0.000135991	0.006654372	0.003319598	0.0216028731821332	0.007730708
C[T>A]A	4.3e-05	0.000243007	0.007943177	0.003539292	0.000208991	0.000434055	9.36e-05	0.000542356	0.000139983	0.00109014498928357	0.003620332
C[T>A]C	0.00039307	0.000244007	0.017807123	0.005188962	0.000341985	0.040505117	0.002239846	0.003062012	0.001349837	0.00762101359480811	0.003190292
C[T>A]G	0.000324057	0.000149004	0.013205282	0.005008998	0.00022599	0.012401567	0.000716951	0.00321211	0.000805902	0.00346046024121208	0.003120286
C[T>A]T	0.000260046	2.23e-16	0.012705082	0.00429914	0.000522977	0.072309136	0.007789465	0.002261486	0.001029875	0.00928123440417576	0.009010825
C[T>C]A	2.23e-16	0.000302009	0.008833533	0.013297341	4.74e-05	0.011101403	0.000646956	0.000386254	0.00131984	0.0109014498928357	0.010300944
C[T>C]C	0.002500444	2.85e-05	0.014505802	0.01039792	0.000121995	0.173021859	0.006459556	0.002461617	0.002619683	0.00987131288461365	0.005250481
C[T>C]G	0.000360064	2.23e-16	0.010104042	0.020795841	2.22e-16	0.087311031	0.003919731	0.001621065	0.002489699	0.0105013966857592	0.00557051
C[T>C]T	4.26e-05	0.000186005	0.015806323	0.014897021	0.000111995	0.426053827	0.018298743	0.002561683	0.000366956	0.0136018090406024	0.007870721
C[T>G]A	3.55e-05	0.000153004	0.004371749	0.002589482	4.14e-05	0.000310039	0.002049859	0.000111073	0.014598233	0.00335044560926603	0.003470318
C[T>G]C	0.000212038	0.000155004	0.007042817	0.004609078	2.82e-06	0.001040131	0.031397844	0.001991308	0.022097325	0.00567075421030997	0.002410221
C[T>G]G	0.000128023	0.000121003	0.010704282	0.006128774	2.22e-16	1.94e-06	0.01369906	0.002931926	0.015498124	0.00559074356889466	0.003040278
C[T>G]T	0.00017103	0.000203006	0.007032813	0.00729854	5.55e-05	0.005310671	0.549962233	0.004142722	0.100987776	0.0131017425317567	0.010500962
G[C>A]A	0.00158028	8.62e-05	0.007132853	0.01019796	0.000948958	0.001780225	0.000997932	0.109071663	0.000155981	0.0142018888512172	0.003090283
G[C>A]C	0.00033906	2.23e-16	0.010904362	0.00764847	0.00045098	0.001280162	2.78e-06	0.017311374	0.001019877	0.0102013567804518	0.000723066
G[C>A]G	0.000587104	1.39e-05	0.001430572	0.002339532	0.000163993	0.000106013	9.24e-05	0.00756497	3.95e-05	0.00255033919511295	0.00022002
G[C>A]T	2.23e-16	5.12e-05	0.010004002	0.006818636	6.15e-05	4.7e-05	0.000533963	0.062340959	0.000157981	0.0108014365910666	0.001950179
G[C>G]A	9.59e-06	6.54e-05	0.012705082	0.004679064	0.001499934	0.000878111	5.99e-05	0.000635417	0.000182978	0.00506067306951825	0.002040187
G[C>G]C	0.000164029	0.000261008	0.008633453	0.005078984	0.000478979	0.000835105	5.55e-05	0.001340881	2.22e-16	0.00537071430500257	0.002690246
G[C>G]G	0.000166029	2.23e-16	0.002420968	0.001509698	0.000240989	2.37e-05	2.23e-16	0.00063942	2.22e-16	0.00119015829105271	0.000156014
G[C>G]T	2.23e-16	0.000134004	0.014705882	0.006718656	0.002699881	0.000787099	2.23e-16	0.001230809	2.22e-16	0.00698092846348564	0.003560326
G[C>T]A	0.004440789	2.23e-16	0.016406563	0.019396121	0.007179684	0.001640207	6.11e-05	0.009686364	0.003249607	0.0143019021529863	0.006010551
G[C>T]C	9.28e-05	1.29e-07	0.013405362	0.021595681	0.000920959	2.22e-16	0.000156989	0.008175371	0.000187977	0.0116015430052197	0.008640791
G[C>T]G	0.218038721	2.23e-16	0.000528211	0.01229754	0.000177992	0.001610203	0.000854941	0.01480973	0.000214974	3.93052275952702e-18	0.017101567
G[C>T]T	3.84e-05	5.04e-05	0.011304522	0.018596281	0.001269944	6.6e-05	2.23e-16	0.006694398	0.000101988	0.0127016893246802	0.00841077
G[T>A]A	8.12e-05	2.23e-16	0.007062825	0.003669266	6.7e-06	6.46e-05	9.73e-05	0.001601052	0.000115986	0.00265035249688209	0.002330213
G[T>A]C	0.000129023	0.000131004	0.007482993	0.002909418	0.000129994	0.003400429	0.000346976	0.001951282	0.000117986	0.00343045625068134	0.00229021
G[T>A]G	0.000246044	6.38e-05	0.011604642	0.004109178	4.7e-05	0.000695088	0.000240983	0.001831203	7.17e-05	0.00441058660801887	0.001430131
G[T>A]T	0.000258046	6.28e-05	0.012304922	0.003219356	0.000357984	0.004800606	0.001579892	0.003462275	0.000323961	0.00577076751207911	0.004520414
G[T>C]A	0.001050186	2.23e-16	0.009983994	0.014097181	0.000286987	0.000123016	5.95e-05	0.000708465	0.000490941	0.00601079943632503	0.006060555
G[T>C]C	0.001900337	2.74e-05	0.005642257	0.007938412	0.000181992	0.014901883	0.001499897	0.002261486	0.000586929	0.0045806092210264	0.003740343
G[T>C]G	0.001170208	0.000107003	0.010904362	0.014997001	0.000194991	0.003570451	0.001009931	0.003982617	0.000730912	0.00565075154995614	0.003510322
G[T>C]T	7.13e-05	1.25e-05	0.010204082	0.013697261	2.22e-16	0.005240662	0.001469899	0.003152071	0.000850897	0.00731097235932379	0.003890356
G[T>G]A	2.23e-16	0.000209006	0.004421769	0.002519496	8.77e-05	0.000495063	0.000280981	0.000870572	0.00115986	0.00249033121405147	0.001800165
G[T>G]C	2.23e-16	0.000133004	0.002340936	0.001709658	2.22e-16	0.000204026	0.00624957	3.7e-05	0.001929766	0.00224029795962863	0.000950087
G[T>G]G	0.000348062	3.71e-05	0.010904362	0.00529894	0.000425981	0.000835105	0.001479899	0.005833833	0.003129621	0.00445059192872652	0.00120011
G[T>G]T	1.46e-05	2.23e-16	0.005832333	0.00234953	2.89e-06	0.007240915	0.113992172	0.002141407	0.020597507	0.00548072893694861	0.003470318
T[C>A]A	6.58e-05	0.000639018	0.008413365	0.007858428	0.078996518	0.000190024	1.24e-05	0.07384852	0.014298269	0.0260034584599752	0.003310303
T[C>A]C	0.002530449	0.000170005	0.016806723	0.009168166	0.029398704	2.59e-05	2.23e-16	0.043628665	0.000451945	0.0210027933715184	0.001720158
T[C>A]G	2.23e-16	8.53e-05	0.001410564	0.00229954	0.012099467	2.22e-16	9.51e-05	0.012708349	0.000128984	0.00317042166608159	0.000207019
T[C>A]T	5.88e-06	0.000440013	0.00997399	0.012697461	0.035498436	0.000288036	0.002569824	0.12208021	0.000556933	0.0241032057263616	0.00590054
T[C>G]A	2.23e-16	2.23e-16	0.013305322	0.007808438	0.316986028	0.003750474	0.000159989	0.002141407	0.000114986	0.0125016627211419	0.019901823
T[C>G]C	0.000203036	9.87e-05	0.020308123	0.00759848	0.063497202	0.000723091	6.18e-05	0.00464305	0.000135984	0.0141018755494481	0.014201301
T[C>G]G	6.94e-05	4.12e-05	0.000520208	0.001709658	0.013799391	0.000380048	1.55e-05	0.000899591	2.46e-05	0.00174023145078295	0.001930177
T[C>G]T	0.001560277	0.001180034	0.023509404	0.0124975	0.368983736	0.000283036	0.001499897	0.003182091	0.000142983	0.0237031525192851	0.044604086
T[C>T]A	0.001110197	0.53601551	0.005762305	0.020295941	0.006929695	0.000532067	0.000107993	0.011407495	0.004839414	0.0300039905307406	0.011701072
T[C>T]C	3.73e-05	0.097302815	0.013305322	0.022995401	0.004479803	9.06e-05	0.000603959	0.011407495	0.0041295	0.0231030727086703	0.006470593
T[C>T]G	0.110019538	0.044201279	0.000989396	0.015896821	0.001189948	0.000177022	6.24e-05	0.011807758	0.001739789	0.00212028199750567	0.004920451
T[C>T]T	2.23e-16	0.300008682	0.008173269	0.020995801	0.001419937	0.000348044	0.000894939	0.003752465	0.001989759	0.0224029795962863	0.011501053
T[T>A]A	0.006721194	0.000422012	0.006512605	0.006308738	0.000295987	0.000119015	0.001189918	0.0108071	0.000187977	0.00713094841613935	0.080607385
T[T>A]C	2.23e-16	0.000192006	0.010504202	0.004139172	0.00023199	0.00570072	0.000241983	0.002731795	0.001249849	0.0103013700822209	0.01430131
T[T>A]G	2.8e-05	5.01e-05	0.006712685	0.004789042	0.000187992	0.001830231	2.23e-16	0.001791177	0.000320961	0.00502066774881059	0.009290851
T[T>A]T	0.002250399	0.000205006	0.013005202	0.00874825	6.2e-05	0.00198025	0.00130991	0.007104668	0.005719308	0.0210027933715184	0.053504901
T[T>C]A	0.000255045	2.23e-16	0.015206082	0.017996401	2.21e-05	0.002090264	0.001059927	0.001801183	0.001309842	0.0102013567804518	0.063605826
T[T>C]C	0.003390603	4.35e-05	0.008993597	0.009708058	2.49e-05	0.015301933	0.001099925	0.006184063	0.002049752	0.00755100428356972	0.026802455
T[T>C]G	0.000416074	0.000117003	0.006932773	0.012697461	9.98e-05	0.002350297	0.001209917	0.003262143	0.001409829	0.00601079943632503	0.020501878
T[T>C]T	0.004330769	3.58e-05	0.013905562	0.018496301	0.000530977	0.021002654	0.000999931	0.003372216	0.002059751	0.0102013567804518	0.046104223
T[T>G]A	2.23e-16	1.67e-05	0.007252901	0.005218956	0.000183992	2.22e-16	1.22e-05	0.000696458	0.04229488	0.00846112532966885	0.041903838
T[T>G]C	5.51e-05	7.04e-05	0.006282513	0.006558688	2.22e-16	0.000116015	0.008749399	0.002101381	0.03569568	0.0114015164016814	0.01550142
T[T>G]G	0.000583103	9.54e-05	0.008053221	0.006938612	3.67e-05	0.000920116	0.004779672	0.001450953	0.013998305	0.00866115193320712	0.019401777
T[T>G]T	2.23e-16	2.23e-16	0.010504202	0.013497301	1.89e-05	0.004580578	0.121991623	0.005163392	0.47894203	0.0250033254422838	0.087908053
