Mutation type,Trinucleotide,SBS1,SBS4,SBS5,SBS6,SBS9,SBS12,SBS14,SBS16,SBS17a,SBS17b,SBS18,SBS19,SBS22a,SBS24,SBS26,SBS29,SBS30,SBS31,SBS35,SBS40
C>A,ACA,0.000886157,0.042196498,0.0119976,0.000425233,0.000557954,0.004520592,0.001120492,0.015995037,0.002070261,0.000607958,0.051533859,0.001269382,0.006046172,0.0364134,0.000873118,0.063209264,0.001799681,0.009534985,0.008826949,0.0282037510988962
C>A,ACC,0.002280405,0.033297236,0.009438112,0.000524287,0.004089661,0.001130148,0.013105754,0.0028991,0.000918116,0.000128991,0.015810387,0.000640688,9.45e-05,0.026509756,0.000528071,0.051207505,0.00050591,0.018490274,0.046184032,0.0134017824370641
C>A,ACG,0.000177031,0.015598705,0.00184963,5.2e-05,0.000425965,0.000540071,0.000413181,0.001019684,4.76e-05,5.82e-05,0.002431598,0.00024588,0.000790362,0.014805448,0.000114015,0.019202815,9.13e-05,0.001659127,0.00138952,0.00292038841165875
C>A,ACT,0.001280227,0.029497552,0.006608678,0.000180099,0.003049747,0.00122016,0.082636281,0.010596712,6.18e-05,0.000455969,0.02141407,0.000570722,0.001729623,0.022008099,0.000619084,0.035605218,0.000555901,0.006276698,0.021592534,0.014801968661832
C>A,CCA,0.000312055,0.080693302,0.007428514,0.001820998,0.004799602,0.00542071,0.01630716,0.010396774,0.000295037,0.000270981,0.074048652,0.001319358,0.001820363,0.025409351,0.001410191,0.054207945,0.000767864,0.010694375,0.029889666,0.0208027667679801
C>A,CCC,0.001790318,0.079693385,0.006138772,0.004092243,0.001919841,0.004280561,0.019708653,0.009027199,0.001160146,4.11e-05,0.019612886,0.000766627,0.004377129,0.034912848,0.001510204,0.036905409,0.000387931,0.011593902,0.032988595,0.0147019553600629
C>A,CCG,9.32e-05,0.024497967,0.003459308,0.001650905,0.001369886,0.001170153,0.001380606,0.00173946,2.22e-16,2.23e-16,0.012007889,0.000235885,0.000136528,0.01600589,0.000362049,0.01480217,0.000406928,0.000328827,0.00219924,0.00254033786493604
C>A,CCT,2.23e-16,0.068994273,0.006488702,0.009605265,0.003059746,0.001100144,0.260114201,0.002489228,0.000137017,0.000181988,0.036323866,3.44e-05,0.000109424,0.017106295,0.007140965,0.051907608,0.000296947,0.027885332,0.082471487,0.0147019553600629
C>A,GCA,0.00158028,0.031597377,0.01019796,0.000427234,0.007719359,0.001980259,0.002080914,0.008607329,0.001780225,0.000997932,0.109071663,0.000813604,0.002234894,0.062222898,0.000496067,0.097114234,0.000942833,0.013093113,0.009866589,0.0142018888512172
C>A,GCC,0.00033906,0.034797112,0.00764847,0.000913501,0.006679446,0.000417055,0.022409839,0.004248682,0.001280162,2.78e-06,0.017311374,0.000271868,0.001709967,0.128047121,0.00066609,0.090313237,0.000493912,0.021488697,0.05018265,0.0102013567804518
C>A,GCG,0.000587104,0.01529873,0.002339532,0.000357196,0.000170986,0.000447059,0.001110487,0.001359578,0.000106013,9.24e-05,0.00756497,0.0002049,0.000520223,0.06592426,0.000129017,0.023003372,2.22e-16,0.000971489,0.000506825,0.00255033919511295
C>A,GCT,2.23e-16,0.021198241,0.006818636,0.001230674,0.00855929,2.75e-05,0.126055344,0.005798201,4.7e-05,0.000533963,0.062340959,0.000272867,0.000549424,0.054420027,0.00081711,0.084612401,0.000861847,0.003508155,0.022892085,0.0108014365910666
C>A,TCA,6.58e-05,0.039796697,0.007858428,0.000356195,0.016998589,0.003480456,0.000347152,0.01079665,0.000190024,1.24e-05,0.07384852,0.001379329,0.000788791,0.02981097,0.000938127,0.045206626,0.000695877,0.001859022,0.005268179,0.0260034584599752
C>A,TCC,0.002530449,0.046896108,0.009168166,0.000498273,0.002459796,0.002880377,0.024310673,0.005868179,2.59e-05,2.23e-16,0.043628665,0.00112945,0.001747443,0.051919106,0.000630085,0.041106025,0.000242957,0.009375069,0.023092016,0.0210027933715184
C>A,TCG,2.23e-16,0.010899095,0.00229954,0.00020011,0.000444963,0.000505066,7.08e-06,0.001489538,2.22e-16,9.51e-05,0.012708349,0.000284861,2.27e-16,0.009793604,0.000123017,0.017402551,8.26e-05,0.000954498,9.47e-05,0.00317042166608159
C>A,TCT,5.88e-06,0.041296572,0.012697461,0.00074741,0.027297734,0.002350308,0.151066325,0.009247131,0.000288036,0.002569824,0.12208021,0.001379329,0.000400125,0.022808393,0.001400189,0.041106025,0.000664882,0.00448764,0.015294712,0.0241032057263616
C>G,ACA,0.00186033,0.006889428,0.01009798,0.000471258,0.004839598,0.00122016,2.22e-16,0.00173946,0.001010128,0.00014599,0.001731137,0.003188447,0.001669991,0.00334123,0.000427058,0.00314046,0.00106981,0.008315626,0.003578763,0.0122016228158345
C>G,ACC,0.001220217,0.002839764,0.00569886,0.000289158,0.001959837,0.000642084,5.78e-06,0.002009376,0.000569072,4.34e-05,0.002591703,0.001789129,0.000193197,0.003671351,0.000378051,0.002630385,0.000466917,0.003158339,0.004548428,0.00868115459356094
C>G,ACG,0.00011502,0.001279894,0.001719656,2.22e-16,0.001359887,7.51e-05,3.91e-05,0.000846737,0.000152019,2.23e-16,0.001921262,0.0006157,0.000238658,0.000920339,6.83e-05,0.000896131,0.000130977,0.002998423,0.00034588,0.00225029928980554
C>G,ACT,0.001140202,0.003549705,0.01009798,0.000254139,0.006409468,0.001440189,0.00020409,0.011496433,1.96e-05,0.000318978,0.004082682,0.002138959,6.23e-05,0.002851049,0.000728098,0.002490365,0.00073087,0.003778013,0.009476724,0.0146019420582938
C>G,CCA,2.41e-05,0.00782935,0.006958608,4.11e-05,0.000892926,0.001340176,8.55e-05,0.003548899,0.00055307,0.000193987,0.000613403,0.001769139,0.001044471,0.002610961,0.000364049,0.003290482,0.001269775,0.002048922,0.003858666,0.00756100561374663
C>G,CCC,7.68e-05,0.00686943,0.009068186,3.72e-05,0.001539872,0.000891117,7.86e-05,0.004538592,0.00023503,4.66e-05,0.002261486,0.00180912,0.000775631,0.005221922,0.000322044,0.006340929,0.000792859,0.001859022,0.006297823,0.00935124371541415
C>G,CCG,0.000352062,0.003399718,0.002489502,8.43e-05,0.000436964,0.000173023,1.91e-05,0.001459547,0.000232029,2.23e-16,0.003582354,4.81e-05,0.000239927,0.000945348,4.17e-05,0.001300191,0.000119979,0.000853551,0.000869699,0.00168022346972147
C>G,CCT,2.23e-16,0.006819434,0.009528094,1.44e-05,0.003029749,0.001560204,0.000178078,0.009617016,3.9e-05,0.000192987,0.003792492,0.003218433,0.000318324,0.004711734,0.000625084,0.00669098,0.001019819,0.003418202,0.016194401,0.0139018489459098
C>G,GCA,9.59e-06,0.005289561,0.004679064,1.94e-05,0.001359887,0.000564074,2.22e-16,0.001049674,0.000878111,5.99e-05,0.000635417,0.001309363,0.001403072,0.002721001,0.000395053,0.002270333,0.000514909,0.001829038,0.003378832,0.00506067306951825
C>G,GCC,0.000164029,0.005749523,0.005078984,0.000685376,0.002829765,0.000289038,4.33e-05,0.003089041,0.000835105,5.55e-05,0.001340881,0.001289372,0.000919231,0.005792132,0.000579078,0.00164024,0.000255955,0.007506052,0.021392604,0.00537071430500257
C>G,GCG,0.000166029,0.003299726,0.001509698,2.22e-16,0.000520957,9.54e-05,2.22e-16,8.13e-05,2.37e-05,2.23e-16,0.00063942,0.00059671,0.00021314,0.003141156,7.38e-05,6.88e-06,0.000116979,0.00045676,0.000590796,0.00119015829105271
C>G,GCT,2.23e-16,0.003039748,0.006718656,0.000321176,0.008569289,0.000504066,8.03e-05,0.003228998,0.000787099,2.23e-16,0.001230809,0.000319844,0.000453698,0.003381244,0.000305041,0.00321047,0.000398929,0.003358234,0.00873698,0.00698092846348564
C>G,TCA,2.23e-16,0.003579703,0.007808438,4.97e-05,0.002689777,0.000969127,1.97e-05,0.002509221,0.003750474,0.000159989,0.002141407,0.001749149,0.003581753,0.003751381,0.001310177,0.000107016,0.000126977,0.000395792,0.006627709,0.0125016627211419
C>G,TCC,0.000203036,0.005949506,0.00759848,0.000113062,0.001999834,0.001550203,0.000150066,0.005228378,0.000723091,6.18e-05,0.00464305,0.003118481,0.001526502,0.005582054,0.000745101,0.006831001,0.000985825,0.002918465,0.005628054,0.0141018755494481
C>G,TCG,6.94e-05,0.001829848,0.001709658,1.95e-06,0.000403966,0.000214028,1.83e-05,0.000438864,0.000380048,1.55e-05,0.000899591,0.000440785,0.000389249,0.001350497,9.41e-05,0.000897131,0.000105981,0.000415781,0.000154946,0.00174023145078295
C>G,TCT,0.001560277,0.003379719,0.0124975,0.00012807,0.005629533,0.0030504,0.000321141,0.028491158,0.000283036,0.001499897,0.003182091,0.001609217,0.000392042,0.004071498,0.002210299,0.000336049,0.000108981,0.004237771,0.021192673,0.0237031525192851
C>T,ACA,0.025004441,0.008699278,0.032593481,0.06413516,0.008099328,0.005510722,0.012405447,0.001759454,0.001220154,0.000570961,0.009206048,0.027986374,0.001770593,0.011804344,0.002660359,0.005090746,0.10598119,0.017690695,0.002209236,0.0197026204485197
C>T,ACC,0.006321123,0.004179653,0.017896421,0.022912561,0.00541955,0.002120278,0.010104436,0.003728843,0.001710216,7.03e-05,0.004653057,0.014093139,0.000217966,0.011204123,0.002540343,0.004310632,0.090383958,0.009275121,0.003988621,0.0121016095140654
C>T,ACG,0.36506483,0.000782935,0.006178764,0.120065821,0.004379636,0.000118015,0.02651164,0.003268986,3.95e-05,0.00028698,0.012208021,0.001549246,0.001405089,0.000514189,0.00533072,0.020102947,0.014397445,0.00758601,0.0005798,0.000267035515723591
C>T,ACT,0.009581702,0.004249647,0.021995601,0.021311683,0.006489461,0.002380312,0.016107072,0.005998139,0.000737093,0.00014699,0.00797524,0.036782092,0.000619446,0.009153368,0.002790377,0.001830268,0.0292948,0.01009469,0.000899689,0.0169022479989839
C>T,CCA,0.002000355,0.012698946,0.019396121,0.01360746,0.007239399,0.006590863,0.002731199,0.007167776,0.000821104,0.000456969,0.011707692,0.118942091,0.001203628,0.005381981,0.001690228,0.007611115,0.109980479,0.04117834,0.005098238,0.0196026071467505
C>T,CCC,0.000270048,0.011499046,0.018996201,0.014808118,0.008759273,0.000254033,0.001380606,0.002839119,0.001720217,5.89e-05,0.006764444,0.09195523,0.003151928,0.008853258,0.002830382,0.00164024,0.102981722,0.163913781,0.083171245,0.0173023012060604
C>T,CCG,0.196034813,0.003309725,0.017496501,0.122066918,0.00650946,4.09e-05,0.011605096,0.000690786,0.00190024,0.000542963,0.016811045,0.01569236,0.000427652,0.006352338,0.003340451,0.015302243,0.016797019,0.008195689,0.002669077,0.00236031392175159
C>T,CCT,0.000196035,0.015998672,0.023095381,0.01380757,0.011099079,0.003380443,0.001360597,0.019294013,0.00174022,0.000135991,0.006654372,0.257874449,0.001591622,0.004291579,0.001650223,0.000673099,0.046191802,0.14492377,0.046983756,0.0216028731821332
C>T,GCA,0.004440789,0.004089661,0.019396121,0.09365134,0.006979421,0.004480587,0.017107511,0.006497984,0.001640207,6.11e-05,0.009686364,0.060970316,0.002385223,0.029911007,0.002750372,0.010401524,0.049691181,0.006796425,0.007287481,0.0143019021529863
C>T,GCC,9.28e-05,0.00445963,0.021595681,0.111060885,0.006529458,0.001820238,0.008163584,0.005288359,2.22e-16,0.000156989,0.008175371,0.03968068,0.001848346,0.043716088,0.005450736,0.007961167,0.060989176,0.011394007,0.017793848,0.0116015430052197
C>T,GCG,0.218038721,0.00048196,0.01229754,0.178097635,0.004759605,7.46e-05,1.92e-05,0.001169637,0.001610203,0.000854941,0.01480973,0.003208437,2.24e-16,0.025409351,0.006680903,0.018302683,0.005239071,0.001968964,0.002529126,3.93052275952702e-18
C>T,GCT,3.84e-05,0.003809684,0.018596281,0.074440809,0.010699112,0.00267035,0.010504612,0.006717915,6.6e-05,2.23e-16,0.006694398,0.108946958,0.001754965,0.020307473,0.004980673,0.00512075,0.017696859,0.005697003,0.006027916,0.0127016893246802
C>T,TCA,0.001110197,0.00373969,0.020295941,0.012006582,0.004269646,0.005520723,0.003541555,0.006358027,0.000532067,0.000107993,0.011407495,0.043878637,0.001599716,0.002400884,0.003290445,0.006390936,0.097982609,0.007476068,0.002958977,0.0300039905307406
C>T,TCC,3.73e-05,0.00698942,0.022995401,0.01050576,0.007329392,0.002640346,0.00013706,0.003678858,9.06e-05,0.000603959,0.011407495,0.024987834,0.001325646,0.012204491,0.002530342,3.61e-18,0.133976221,0.024587067,0.012595646,0.0231030727086703
C>T,TCG,0.110019538,0.000280977,0.015896821,0.052028522,0.003259729,8.85e-05,0.005322337,0.003019063,0.000177022,6.24e-05,0.011807758,0.004317897,3.85e-05,0.00269099,0.002630355,0.014402111,0.014697392,0.008405579,0.000764736,0.00212028199750567
C>T,TCT,2.23e-16,0.007219401,0.020995801,0.006993834,0.005459547,0.006120802,0.000359158,0.022093143,0.000348044,0.000894939,0.003752465,0.062869391,2.24e-16,0.004711734,0.002130288,0.004280627,0.052490683,0.019489748,0.008037222,0.0224029795962863
T>A,ATA,0.000800142,0.009419218,0.007378524,9.83e-05,0.012698946,0.005170677,0.000613269,0.023092833,0.001010128,6.26e-05,0.002491637,0.000785618,0.063701089,0.001580582,0.001520205,0.000619091,0.000362936,0.007855868,0.00488831,0.00610081140791725
T>A,ATC,0.002230396,0.003529707,0.006928614,0.000546299,0.002819766,0.002710355,0.000372163,0.007737599,0.000997126,0.00028898,0.000878577,0.000254876,0.007040759,0.002250828,0.003520476,0.002000293,0.00039293,0.006066809,0.007357457,0.00444059059854961
T>A,ATG,0.001140202,0.012398971,0.009118176,2.22e-16,0.002759771,0.003120409,0.000354155,0.008807267,0.000200025,6.57e-05,0.002601709,0.000951537,0.060430237,0.002000736,0.000625084,0.002480363,0.000637887,0.005027356,0.00132954,0.00693092181260108
T>A,ATT,0.000183032,0.004209651,0.00619876,0.00166091,0.018898431,0.002820369,0.001850813,0.010996588,0.001460184,0.000632957,0.007845154,0.000653682,0.002504401,0.001800663,0.003070415,0.001960287,0.000489913,0.004157813,0.007367453,0.0107014232892975
T>A,CTA,4.3e-05,0.014398805,0.003539292,6.66e-05,0.004789602,0.000546072,0.000155068,0.003209004,0.000434055,9.36e-05,0.000542356,9.6e-05,0.128009986,0.001320486,0.000944128,0.001950286,0.000213962,0.02058917,0.05258182,0.00109014498928357
T>A,CTC,0.00039307,0.012198987,0.005188962,0.000551302,0.00312974,0.005600734,0.002951296,0.005698232,0.040505117,0.002239846,0.003062012,0.000402804,0.055271043,0.001870688,0.001450196,0.001410207,0.000776862,0.021088907,0.032988595,0.00762101359480811
T>A,CTG,0.000324057,0.032497303,0.005008998,0.000115063,0.005309559,0.001410185,0.000317139,0.00102968,0.012401567,0.000716951,0.00321211,0.000293857,0.168016059,0.005031852,0.001140154,0.00198029,0.000586896,0.018690169,0.058179885,0.00346046024121208
T>A,CTT,0.000260046,0.011799021,0.00429914,0.000179098,0.004439632,0.001500197,0.001380606,0.006527974,0.072309136,0.007789465,0.002261486,0.000217894,0.060699247,0.004801767,0.000642087,0.00198029,0.000611891,0.030983703,0.066377051,0.00928123440417576
T>A,GTA,8.12e-05,0.009219235,0.003669266,5.1e-05,0.00264978,0.000826108,5.77e-05,0.000939708,6.46e-05,9.73e-05,0.001601052,0.000188908,0.053393272,0.001570578,0.000783106,0.003430503,0.000328942,0.001899001,0.000716752,0.00265035249688209
T>A,GTC,0.000129023,0.003599701,0.002909418,0.000489268,0.002119824,0.001810237,0.002731199,0.000607811,0.003400429,0.000346976,0.001951282,7.78e-05,0.010164741,0.002350865,0.001150155,0.000789116,0.000181968,0.00290847,0.005558079,0.00343045625068134
T>A,GTG,0.000246044,0.013098913,0.004109178,0.000195107,0.000787935,0.002510329,0.000120053,0.005548278,0.000695088,0.000240983,0.001831203,0.000485764,0.03767961,0.002490917,0.000608082,0.003660536,9.86e-05,0.005766967,0.001119613,0.00441058660801887
T>A,GTT,0.000258046,0.005519542,0.003219356,0.000248136,0.002559788,0.00091512,0.000857376,0.0009657,0.004800606,0.001579892,0.003462275,0.000282862,0.009455955,0.001310482,0.000834113,0.001070157,0.000190966,0.000788585,0.002859012,0.00577076751207911
T>A,TTA,0.006721194,0.008879263,0.006308738,0.000454249,0.025997842,0.003750491,0.000200088,0.012296184,0.000119015,0.001189918,0.0108071,0.00049376,0.070938828,0.004121517,0.001130153,0.000764112,0.00028195,0.006696478,0.004298514,0.00713094841613935
T>A,TTC,2.23e-16,0.004309642,0.004139172,0.000114063,0.001849846,0.006450845,0.00173076,0.004668551,0.00570072,0.000241983,0.002731795,0.000474769,0.024061831,0.003271204,0.00126017,0.001930283,0.000240957,0.003748029,0.005298168,0.0103013700822209
T>A,TTG,2.8e-05,0.009539208,0.004789042,2.95e-05,0.016698614,0.002770363,0.000357157,0.005178393,0.001830231,2.23e-16,0.001791177,0.000372819,0.073791171,0.001990733,0.000278038,0.000924135,0.000189966,0.003268281,0.001379523,0.00502066774881059
T>A,TTT,0.002250399,0.005619534,0.00874825,0.000426234,0.016998589,0.005250688,0.0018208,0.007157779,0.00198025,0.00130991,0.007104668,0.000672673,0.030231372,0.002190806,0.001310177,0.001200176,0.000700876,0.008875332,0.00540813,0.0210027933715184
T>C,ATA,0.001090193,0.00794934,0.046190762,0.002211213,0.020298315,0.073609647,0.012605535,0.241924925,9.65e-05,9.73e-05,0.002021328,0.00258874,0.024922179,0.006402356,0.084811461,0.001960287,0.000610892,0.020389275,0.002039295,0.0187024874308283
T>C,ATC,0.003040539,0.000714941,0.013397321,0.00113062,0.010499129,0.040305282,0.006302767,0.012895998,0.012701605,0.000251983,0.002091374,0.000593711,0.000902945,0.002180803,0.026103528,0.002290336,0.000457919,0.00739611,0.000820716,0.00734097634985453
T>C,ATG,0.000106019,0.004999585,0.038192362,0.004242326,0.014298813,0.07050924,0.012405447,0.063880176,0.000376047,2.23e-16,0.002081367,0.002308876,0.007728289,0.001760648,0.07851061,0.002750403,0.000276951,0.008115731,0.000919682,0.015502061774216
T>C,ATT,0.00574102,0.001559871,0.038292342,0.000502275,0.028997593,0.063808362,0.005972622,0.135957809,0.007790985,0.000543963,0.004242788,0.001739154,0.000753316,0.002440898,0.037205027,0.001150169,0.000544903,0.008465547,0.002029298,0.0194025805432123
T>C,CTA,2.23e-16,0.00517957,0.013297341,0.00166091,0.013698863,0.04540595,0.003161388,0.010696681,0.011101403,0.000646956,0.000386254,0.00045178,0.006740526,0.002270836,0.052007028,0.001180173,0.001269775,0.008145715,0.00132954,0.0109014498928357
T>C,CTC,0.002500444,0.002359804,0.01039792,0.001030565,0.01529873,0.049706514,0.005342346,0.003169017,0.173021859,0.006459556,0.002461617,8.14e-05,0.00134416,0.002240825,0.031204217,0.00184027,0.001379755,0.00990479,0.002019302,0.00987131288461365
T>C,CTG,0.000360064,0.005499544,0.020795841,0.005322918,0.015398722,0.037404902,0.004471963,0.009607019,0.087311031,0.003919731,0.001621065,0.000497758,0.002030194,0.004221554,0.078710637,0.003910573,0.001269775,0.004457655,0.001559461,0.0105013966857592
T>C,CTT,4.26e-05,0.002559788,0.014897021,0.001270696,0.03289727,0.045906016,0.002060905,0.015495192,0.426053827,0.018298743,0.002561683,0.00039081,0.000539549,0.003631336,0.055507501,0.001780261,0.004099273,0.013792745,0.003178901,0.0136018090406024
T>C,GTA,0.001050186,0.002899759,0.014097181,0.00257141,0.00951921,0.071109318,0.011004831,0.002059361,0.000123016,5.95e-05,0.000708465,0.000953536,0.000716882,0.003701362,0.083511285,0.001080158,0.000934834,0.004527618,0.000564805,0.00601079943632503
T>C,GTC,0.001900337,0.001179902,0.007938412,0.001110609,0.009779188,0.030403984,0.006542873,0.001189631,0.014901883,0.001499897,0.002261486,0.00037082,0.001235714,0.003651344,0.024803352,0.003590526,0.000554902,0.006566546,0.002029298,0.0045806092210264
T>C,GTG,0.001170208,0.002369803,0.014997001,0.002451344,0.006309476,0.041505439,0.011004831,0.004278672,0.003570451,0.001009931,0.003982617,0.000952536,0.000583783,0.002670983,0.071209623,0.002990438,0.000500911,0.005127303,0.000190934,0.00565075154995614
T>C,GTT,7.13e-05,0.000754937,0.013697261,0.000906497,0.009859182,0.046306068,0.011204919,0.002399256,0.005240662,0.001469899,0.003152071,0.002358852,0.000846166,0.003991469,0.055207461,0.001550227,0.000444921,0.004687534,0.000420855,0.00731097235932379
T>C,TTA,0.000255045,0.0024098,0.017996401,0.001480811,0.013998838,0.086111285,0.006272754,0.012995967,0.002090264,0.001059927,0.001801183,0.001239397,0.004574468,0.001460537,0.042305718,0.00259038,0.000543904,0.004587587,0.000367873,0.0102013567804518
T>C,TTC,0.003390603,0.000502958,0.009708058,0.001090598,0.013598871,0.046306068,0.002881265,0.003668862,0.015301933,0.001099925,0.006184063,0.000552731,2.26e-16,0.003001104,0.031404244,0.00150022,0.000285949,0.010294585,0.000821716,0.00755100428356972
T>C,TTG,0.000416074,0.001739856,0.012697461,0.002131169,0.009309227,0.040005243,0.004311893,0.007227757,0.002350297,0.001209917,0.003262143,0.001079475,0.001229853,0.002030747,0.030304095,0.000379056,0.000202964,0.004007892,0.000437849,0.00601079943632503
T>C,TTT,0.004330769,0.000635947,0.018496301,0.001740954,0.038396813,0.059707825,0.002921283,0.008387397,0.021002654,0.000999931,0.003372216,0.001469285,2.23e-16,0.003671351,0.057407758,0.00082212,0.000444921,0.012093639,0.001059634,0.0102013567804518
T>G,ATA,0.000172031,0.001049913,0.003859228,2.57e-05,0.045096257,0.002010263,0.000212093,0.011196526,0.000851107,0.001409903,0.000721474,0.002328867,0.002322747,0.003211182,0.002920395,0.00040706,3.9e-05,0.003678065,0.003048946,0.00723096171790848
T>G,ATC,0.000207037,0.000158987,0.00259948,0.000204112,0.006929425,0.000664087,0.002971305,0.004408632,0.000700088,0.004479693,0.000858564,0.001889081,5.11e-05,0.001400515,0.002530342,0.00081712,0.00010998,0.002478696,0.000965666,0.00705093777472404
T>G,ATG,0.000268048,0.001419882,0.007938412,0.000107059,0.005329558,0.000808106,0.000709311,0.004618567,0.000719091,0.000989932,0.001991308,0.001769139,0.002941736,0.002060758,0.002290309,0.000420062,0.000409927,0.004017887,0.004478452,0.00806107212259231
T>G,ATT,0.00011202,0.000215982,0.004829034,0.000386212,0.023898016,0.001280168,0.011104875,0.007957531,0.012501579,0.069095255,0.00184121,0.001619212,4.17e-05,0.004711734,0.005930801,0.000810119,0.000793859,0.000782588,0.002629091,0.0180023943184444
T>G,CTA,3.55e-05,0.000869928,0.002589482,4.95e-05,0.025997842,0.000893117,4.85e-05,0.003958772,0.000310039,0.002049859,0.000111073,0.000713653,0.004910383,0.001430526,0.001420192,0.000781114,0.000197965,0.001968964,0.003708718,0.00335044560926603
T>G,CTC,0.000212038,0.000440963,0.004609078,0.00078443,0.007409385,0.001140149,0.001210531,0.001079665,0.001040131,0.031397844,0.001991308,0.002088983,0.000882732,0.000880324,0.004940667,5.69e-06,0.000214962,0.001429248,0.000517821,0.00567075421030997
T>G,CTG,0.000128023,0.003789685,0.006128774,0.000924507,0.014198821,0.000593078,0.000435191,0.002239305,1.94e-06,0.01369906,0.002931926,0.001329353,0.008030768,0.003041119,0.005560751,0.000332049,7.85e-05,0.001499211,0.006357802,0.00559074356889466
T>G,CTT,0.00017103,0.0011999,0.00729854,0.001300713,0.056495311,0.000344045,0.000962422,0.002539212,0.005310671,0.549962233,0.004142722,0.00219893,0.001197879,0.004711734,0.007801054,0.000767112,0.000264953,0.000948501,0.002709063,0.0131017425317567
T>G,GTA,2.23e-16,0.00059795,0.002519496,4.35e-05,0.008299311,0.000412054,7.79e-05,0.00090172,0.000495063,0.000280981,0.000870572,0.000635691,0.001580918,0.001070394,0.001370185,4.49e-05,0.000187967,0.00030384,0.001759392,0.00249033121405147
T>G,GTC,2.23e-16,0.000252979,0.001709658,0.000213117,0.005849514,0.000213028,0.002100923,0.000900721,0.000204026,0.00624957,3.7e-05,0.000702658,0.000235184,0.001530563,0.001210163,9.17e-05,0.000352937,0.000871542,0.005068248,0.00224029795962863
T>G,GTG,0.000348062,0.002429798,0.00529894,0.00027415,0.003969671,0.000496065,0.000781343,0.000674791,0.000835105,0.001479899,0.005833833,0.000509752,0.000452155,0.003131152,0.002350318,0.000770113,0.001379755,0.002548659,0.004038604,0.00445059192872652
T>G,GTT,1.46e-05,0.000251979,0.00234953,0.000787431,0.01939839,0.000165022,0.002250989,0.002389259,0.007240915,0.113992172,0.002141407,0.000340834,1.99e-05,0.002680987,0.006050817,0.001150169,0.000159972,0.002808523,0.003348842,0.00548072893694861
T>G,TTA,2.23e-16,0.000376969,0.005218956,0.000105058,0.065694547,0.001630214,9.92e-05,0.009776966,2.22e-16,1.22e-05,0.000696458,0.001659192,0.00499931,0.000123045,0.001430193,0.000467068,0.000117979,0.002248817,0.004288517,0.00846112532966885
T>G,TTC,5.51e-05,0.000173986,0.006558688,0.000287157,0.008619285,0.001130148,0.001200527,0.005508291,0.000116015,0.008749399,0.002101381,0.002019017,0.000766716,0.002640972,0.001720232,9.93e-05,9.64e-05,0.002378749,0.00193933,0.0114015164016814
T>G,TTG,0.000583103,0.002319807,0.006938612,0.000324178,0.010899095,0.000875115,0.00011405,0.005238375,0.000920116,0.004779672,0.001450953,0.002068993,0.005614984,0.003041119,0.002840384,0.000180026,0.000812856,0.005347187,0.004818334,0.00866115193320712
T>G,TTT,2.23e-16,0.000567953,0.013497301,0.001010554,0.063894697,0.00221029,0.000605266,0.015795099,0.004580578,0.121991623,0.005163392,0.004227941,0.000597597,0.003961458,0.009451277,0.000928136,0.008888422,0.007296162,0.003618749,0.0250033254422838
