MutationType	SBS1	SBS2	SBS3	SBS5	SBS8	SBS13	SBS18	SBS35	SBS39	SBS40	SBS41
A[C>A]A	0.000886157	5.8e-07	0.020808323	0.0119976	0.044098218	0.00181992	0.051533859	0.008826949	0.011701521	0.0282037510988962	0.002110193
A[C>A]C	0.002280405	0.000148004	0.016506603	0.009438112	0.047798069	0.000720968	0.015810387	0.046184032	0.00715093	0.0134017824370641	0.001220112
A[C>A]G	0.000177031	5.23e-05	0.0017507	0.00184963	0.004619813	0.000263988	0.002431598	0.00138952	0.002670347	0.00292038841165875	6.14e-05
A[C>A]T	0.001280227	9.78e-05	0.012204882	0.006608678	0.046998101	0.000347985	0.02141407	0.021592534	0.007400962	0.014801968661832	0.001330122
A[C>G]A	0.00186033	2.23e-16	0.019707883	0.01009798	0.004329825	0.00386983	0.001731137	0.003578763	0.04730615	0.0122016228158345	0.005330488
A[C>G]C	0.001220217	0.000133004	0.011704682	0.00569886	0.002949881	0.000950958	0.002591703	0.004548428	0.022502925	0.00868115459356094	0.003160289
A[C>G]G	0.00011502	1.52e-05	0.000253101	0.001719656	0.000285988	0.000263988	0.001921262	0.00034588	0.013601768	0.00225029928980554	0.001210111
A[C>G]T	0.001140202	9.12e-05	0.017406963	0.01009798	0.005709769	0.003999824	0.004082682	0.009476724	0.043405643	0.0146019420582938	0.008270758
A[C>T]A	0.025004441	6.11e-05	0.014205682	0.032593481	0.006809725	0.007179684	0.009206048	0.002209236	0.009601248	0.0197026204485197	0.009880905
A[C>T]C	0.006321123	0.00138004	0.012404962	0.017896421	0.002819886	2.22e-16	0.004653057	0.003988621	0.004040525	0.0121016095140654	0.003360308
A[C>T]G	0.36506483	3.27e-05	0.002571028	0.006178764	0.00322987	0.000302987	0.012208021	0.0005798	0.00600078	0.000267035515723591	0.003430314
A[C>T]T	0.009581702	0.001860054	0.012104842	0.021995601	0.012499495	0.000317986	0.00797524	0.000899689	0.012801664	0.0169022479989839	0.006350582
A[T>A]A	0.000800142	9.59e-05	0.005492197	0.007378524	0.019499212	2.22e-16	0.002491637	0.00488831	0.00531069	0.00610081140791725	0.007460683
A[T>A]C	0.002230396	0.000878025	0.007212885	0.006928614	0.02129914	6.52e-05	0.000878577	0.007357457	0.002880374	0.00444059059854961	0.004300394
A[T>A]G	0.001140202	2.55e-05	0.009643858	0.009118176	0.022799079	0.000589974	0.002601709	0.00132954	0.006940902	0.00693092181260108	0.003030278
A[T>A]T	0.000183032	2.23e-16	0.006112445	0.00619876	0.02499899	0.000605973	0.007845154	0.007367453	0.006120796	0.0107014232892975	0.069606376
A[T>C]A	0.001090193	6.17e-05	0.016506603	0.046190762	0.009769605	0.001909916	0.002021328	0.002039295	0.011201456	0.0187024874308283	0.014401319
A[T>C]C	0.003040539	2.15e-05	0.007763105	0.013397321	0.005009798	0.000141994	0.002091374	0.000820716	0.005640733	0.00734097634985453	0.00579053
A[T>C]G	0.000106019	1.32e-05	0.012304922	0.038192362	0.006979718	0.000427981	0.002081367	0.000919682	0.009641253	0.015502061774216	0.008040737
A[T>C]T	0.00574102	0.000155004	0.017306923	0.038292342	0.014899398	0.000958958	0.004242788	0.002029298	0.013601768	0.0194025805432123	0.017701621
A[T>G]A	0.000172031	0.000238007	0.003951581	0.003859228	0.001639934	6.14e-05	0.000721474	0.003048946	0.003880504	0.00723096171790848	0.00753069
A[T>G]C	0.000207037	7.46e-05	0.00260104	0.00259948	0.000667973	2.22e-16	0.000858564	0.000965666	0.002970386	0.00705093777472404	0.00164015
A[T>G]G	0.000268048	2.05e-06	0.006302521	0.007938412	0.004769807	8.25e-05	0.001991308	0.004478452	0.007660996	0.00806107212259231	0.002700247
A[T>G]T	0.00011202	3.76e-06	0.003971589	0.004829034	0.00073997	0.000319986	0.00184121	0.002629091	0.006420835	0.0180023943184444	0.007610697
C[C>A]A	0.000312055	0.000208006	0.022509004	0.007428514	0.04009838	0.001399938	0.074048652	0.029889666	0.010101313	0.0208027667679801	0.002380218
C[C>A]C	0.001790318	9.53e-05	0.025310124	0.006138772	0.038798433	0.000967957	0.019612886	0.032988595	0.009061178	0.0147019553600629	0.000919084
C[C>A]G	9.32e-05	2.23e-16	0.002511004	0.003459308	0.003409862	4.33e-06	0.012007889	0.00219924	0.005740746	0.00254033786493604	0.000261024
C[C>A]T	2.23e-16	0.000421012	0.015406162	0.006488702	0.032998667	2.22e-16	0.036323866	0.082471487	0.006030784	0.0147019553600629	0.002650243
C[C>G]A	2.41e-05	2.23e-16	0.019307723	0.006958608	0.004999798	0.005609753	0.000613403	0.003858666	0.028803744	0.00756100561374663	0.002080191
C[C>G]C	7.68e-05	0.00035101	0.014105642	0.009068186	0.005459779	0.000647971	0.002261486	0.006297823	0.037704902	0.00935124371541415	0.00120011
C[C>G]G	0.000352062	4.87e-05	0.0015006	0.002489502	1.05e-05	0.000487979	0.003582354	0.000869699	0.012301599	0.00168022346972147	0.000411038
C[C>G]T	2.23e-16	6.36e-05	0.022308924	0.009528094	0.005489778	0.006399718	0.003792492	0.016194401	0.040205227	0.0139018489459098	0.005030461
C[C>T]A	0.002000355	0.004320125	0.016106443	0.019396121	0.002669892	1.93e-05	0.011707692	0.005098238	0.009111184	0.0196026071467505	0.006910633
C[C>T]C	0.000270048	0.000170005	0.020208083	0.018996201	0.004019838	0.001349941	0.006764444	0.083171245	0.003860502	0.0173023012060604	0.001850169
C[C>T]G	0.196034813	0.00277008	0.002240896	0.017496501	0.00148994	0.001989912	0.016811045	0.002669077	0.007570984	0.00236031392175159	0.010100925
C[C>T]T	0.000196035	0.001450042	0.023009204	0.023095381	0.014499414	0.001449936	0.006654372	0.046983756	0.006990909	0.0216028731821332	0.007730708
C[T>A]A	4.3e-05	0.000243007	0.007943177	0.003539292	0.018999232	0.000208991	0.000542356	0.05258182	0.004940642	0.00109014498928357	0.003620332
C[T>A]C	0.00039307	0.000244007	0.017807123	0.005188962	0.02919882	0.000341985	0.003062012	0.032988595	0.006440837	0.00762101359480811	0.003190292
C[T>A]G	0.000324057	0.000149004	0.013205282	0.005008998	0.027598885	0.00022599	0.00321211	0.058179885	0.006800884	0.00346046024121208	0.003120286
C[T>A]T	0.000260046	2.23e-16	0.012705082	0.00429914	0.041798311	0.000522977	0.002261486	0.066377051	0.008271075	0.00928123440417576	0.009010825
C[T>C]A	2.23e-16	0.000302009	0.008833533	0.013297341	0.002389903	4.74e-05	0.000386254	0.00132954	0.007340954	0.0109014498928357	0.010300944
C[T>C]C	0.002500444	2.85e-05	0.014505802	0.01039792	0.006999717	0.000121995	0.002461617	0.002019302	0.007911028	0.00987131288461365	0.005250481
C[T>C]G	0.000360064	2.23e-16	0.010104042	0.020795841	0.001259949	2.22e-16	0.001621065	0.001559461	0.00777101	0.0105013966857592	0.00557051
C[T>C]T	4.26e-05	0.000186005	0.015806323	0.014897021	0.006459739	0.000111995	0.002561683	0.003178901	0.008591117	0.0136018090406024	0.007870721
C[T>G]A	3.55e-05	0.000153004	0.004371749	0.002589482	0.001219951	4.14e-05	0.000111073	0.003708718	0.005300689	0.00335044560926603	0.003470318
C[T>G]C	0.000212038	0.000155004	0.007042817	0.004609078	0.001949921	2.82e-06	0.001991308	0.000517821	0.007390961	0.00567075421030997	0.002410221
C[T>G]G	0.000128023	0.000121003	0.010704282	0.006128774	0.00469981	2.22e-16	0.002931926	0.006357802	0.009831278	0.00559074356889466	0.003040278
C[T>G]T	0.00017103	0.000203006	0.007032813	0.00729854	0.000573977	5.55e-05	0.004142722	0.002709063	0.004940642	0.0131017425317567	0.010500962
G[C>A]A	0.00158028	8.62e-05	0.007132853	0.01019796	0.024199022	0.000948958	0.109071663	0.009866589	0.006880895	0.0142018888512172	0.003090283
G[C>A]C	0.00033906	2.23e-16	0.010904362	0.00764847	0.026198942	0.00045098	0.017311374	0.05018265	0.006950904	0.0102013567804518	0.000723066
G[C>A]G	0.000587104	1.39e-05	0.001430572	0.002339532	0.002739889	0.000163993	0.00756497	0.000506825	0.004530589	0.00255033919511295	0.00022002
G[C>A]T	2.23e-16	5.12e-05	0.010004002	0.006818636	0.026898913	6.15e-05	0.062340959	0.022892085	0.005890766	0.0108014365910666	0.001950179
G[C>G]A	9.59e-06	6.54e-05	0.012705082	0.004679064	0.002579896	0.001499934	0.000635417	0.003378832	0.02400312	0.00506067306951825	0.002040187
G[C>G]C	0.000164029	0.000261008	0.008633453	0.005078984	0.002389903	0.000478979	0.001340881	0.021392604	0.021302769	0.00537071430500257	0.002690246
G[C>G]G	0.000166029	2.23e-16	0.002420968	0.001509698	0.00048798	0.000240989	0.00063942	0.000590796	0.009861282	0.00119015829105271	0.000156014
G[C>G]T	2.23e-16	0.000134004	0.014705882	0.006718656	0.004859804	0.002699881	0.001230809	0.00873698	0.032404213	0.00698092846348564	0.003560326
G[C>T]A	0.004440789	2.23e-16	0.016406563	0.019396121	0.000275989	0.007179684	0.009686364	0.007287481	0.008031044	0.0143019021529863	0.006010551
G[C>T]C	9.28e-05	1.29e-07	0.013405362	0.021595681	0.00024499	0.000920959	0.008175371	0.017793848	0.004500585	0.0116015430052197	0.008640791
G[C>T]G	0.218038721	2.23e-16	0.000528211	0.01229754	0.001909923	0.000177992	0.01480973	0.002529126	0.005480712	3.93052275952702e-18	0.017101567
G[C>T]T	3.84e-05	5.04e-05	0.011304522	0.018596281	0.004609814	0.001269944	0.006694398	0.006027916	0.008611119	0.0127016893246802	0.00841077
G[T>A]A	8.12e-05	2.23e-16	0.007062825	0.003669266	0.012799483	6.7e-06	0.001601052	0.000716752	0.004960645	0.00265035249688209	0.002330213
G[T>A]C	0.000129023	0.000131004	0.007482993	0.002909418	0.013499455	0.000129994	0.001951282	0.005558079	0.003520458	0.00343045625068134	0.00229021
G[T>A]G	0.000246044	6.38e-05	0.011604642	0.004109178	0.01559937	4.7e-05	0.001831203	0.001119613	0.006670867	0.00441058660801887	0.001430131
G[T>A]T	0.000258046	6.28e-05	0.012304922	0.003219356	0.028098865	0.000357984	0.003462275	0.002859012	0.004090532	0.00577076751207911	0.004520414
G[T>C]A	0.001050186	2.23e-16	0.009983994	0.014097181	0.002599895	0.000286987	0.000708465	0.000564805	0.007470971	0.00601079943632503	0.006060555
G[T>C]C	0.001900337	2.74e-05	0.005642257	0.007938412	0.002619894	0.000181992	0.002261486	0.002029298	0.006890896	0.0045806092210264	0.003740343
G[T>C]G	0.001170208	0.000107003	0.010904362	0.014997001	0.002809886	0.000194991	0.003982617	0.000190934	0.005740746	0.00565075154995614	0.003510322
G[T>C]T	7.13e-05	1.25e-05	0.010204082	0.013697261	0.006289746	2.22e-16	0.003152071	0.000420855	0.007510976	0.00731097235932379	0.003890356
G[T>G]A	2.23e-16	0.000209006	0.004421769	0.002519496	0.001309947	8.77e-05	0.000870572	0.001759392	0.003330433	0.00249033121405147	0.001800165
G[T>G]C	2.23e-16	0.000133004	0.002340936	0.001709658	0.000655973	2.22e-16	3.7e-05	0.005068248	0.005800754	0.00224029795962863	0.000950087
G[T>G]G	0.000348062	3.71e-05	0.010904362	0.00529894	0.00396984	0.000425981	0.005833833	0.004038604	0.007721004	0.00445059192872652	0.00120011
G[T>G]T	1.46e-05	2.23e-16	0.005832333	0.00234953	0.001289948	2.89e-06	0.002141407	0.003348842	0.005940772	0.00548072893694861	0.003470318
T[C>A]A	6.58e-05	0.000639018	0.008413365	0.007858428	0.029798796	0.078996518	0.07384852	0.005268179	0.005980778	0.0260034584599752	0.003310303
T[C>A]C	0.002530449	0.000170005	0.016806723	0.009168166	0.025098986	0.029398704	0.043628665	0.023092016	0.007861022	0.0210027933715184	0.001720158
T[C>A]G	2.23e-16	8.53e-05	0.001410564	0.00229954	0.001899923	0.012099467	0.012708349	9.47e-05	0.003010391	0.00317042166608159	0.000207019
T[C>A]T	5.88e-06	0.000440013	0.00997399	0.012697461	0.031898711	0.035498436	0.12208021	0.015294712	0.006550852	0.0241032057263616	0.00590054
T[C>G]A	2.23e-16	2.23e-16	0.013305322	0.007808438	0.001469941	0.316986028	0.002141407	0.006627709	0.034704512	0.0125016627211419	0.019901823
T[C>G]C	0.000203036	9.87e-05	0.020308123	0.00759848	0.001339946	0.063497202	0.00464305	0.005628054	0.036704772	0.0141018755494481	0.014201301
T[C>G]G	6.94e-05	4.12e-05	0.000520208	0.001709658	7.82e-05	0.013799391	0.000899591	0.000154946	0.009621251	0.00174023145078295	0.001930177
T[C>G]T	0.001560277	0.001180034	0.023509404	0.0124975	0.00024899	0.368983736	0.003182091	0.021192673	0.050706592	0.0237031525192851	0.044604086
T[C>T]A	0.001110197	0.53601551	0.005762305	0.020295941	0.005039796	0.006929695	0.011407495	0.002958977	0.003880504	0.0300039905307406	0.011701072
T[C>T]C	3.73e-05	0.097302815	0.013305322	0.022995401	0.00025199	0.004479803	0.011407495	0.012595646	0.005280686	0.0231030727086703	0.006470593
T[C>T]G	0.110019538	0.044201279	0.000989396	0.015896821	4.17e-05	0.001189948	0.011807758	0.000764736	0.004860632	0.00212028199750567	0.004920451
T[C>T]T	2.23e-16	0.300008682	0.008173269	0.020995801	0.005269787	0.001419937	0.003752465	0.008037222	0.00423055	0.0224029795962863	0.011501053
T[T>A]A	0.006721194	0.000422012	0.006512605	0.006308738	0.011499535	0.000295987	0.0108071	0.004298514	0.00669087	0.00713094841613935	0.080607385
T[T>A]C	2.23e-16	0.000192006	0.010504202	0.004139172	0.019499212	0.00023199	0.002731795	0.005298168	0.00369048	0.0103013700822209	0.01430131
T[T>A]G	2.8e-05	5.01e-05	0.006712685	0.004789042	0.012899479	0.000187992	0.001791177	0.001379523	0.00546071	0.00502066774881059	0.009290851
T[T>A]T	0.002250399	0.000205006	0.013005202	0.00874825	0.037898469	6.2e-05	0.007104668	0.00540813	0.010701391	0.0210027933715184	0.053504901
T[T>C]A	0.000255045	2.23e-16	0.015206082	0.017996401	0.002079916	2.21e-05	0.001801183	0.000367873	0.005940772	0.0102013567804518	0.063605826
T[T>C]C	0.003390603	4.35e-05	0.008993597	0.009708058	0.002639893	2.49e-05	0.006184063	0.000821716	0.006440837	0.00755100428356972	0.026802455
T[T>C]G	0.000416074	0.000117003	0.006932773	0.012697461	2.22e-16	9.98e-05	0.003262143	0.000437849	0.004980647	0.00601079943632503	0.020501878
T[T>C]T	0.004330769	3.58e-05	0.013905562	0.018496301	0.004569815	0.000530977	0.003372216	0.001059634	0.009481233	0.0102013567804518	0.046104223
T[T>G]A	2.23e-16	1.67e-05	0.007252901	0.005218956	2.22e-16	0.000183992	0.000696458	0.004288517	0.008391091	0.00846112532966885	0.041903838
T[T>G]C	5.51e-05	7.04e-05	0.006282513	0.006558688	0.001139954	2.22e-16	0.002101381	0.00193933	0.00508066	0.0114015164016814	0.01550142
T[T>G]G	0.000583103	9.54e-05	0.008053221	0.006938612	0.003089875	3.67e-05	0.001450953	0.004818334	0.007280947	0.00866115193320712	0.019401777
T[T>G]T	2.23e-16	2.23e-16	0.010504202	0.013497301	0.00099596	1.89e-05	0.005163392	0.003618749	0.010901417	0.0250033254422838	0.087908053
